product,tier,substituted_for,product_total_gdp_usd,category,soc_major_group,trainability,pricing,os_platforms
Microsoft Excel,k1_economic,,1808455794241.1328,"['Inventory Management', 'Office Productivity', 'Spreadsheet']","['Computer and Mathematical', 'Healthcare Practitioners and Technical', 'Personal Care and Service', 'Business and Financial Operations', 'Arts, Design, Entertainment, Sports, and Media']",sandbox_ready,freemium,"Android, Windows, iOS, macOS"
Microsoft Outlook,k1_economic,,1244046203982.8608,"['Calendar and scheduling', 'Email and communication', 'Email software', 'Office Productivity', 'Scheduling software']","['Computer and Mathematical', 'Healthcare Practitioners and Technical', 'Personal Care and Service', 'Business and Financial Operations', 'Arts, Design, Entertainment, Sports, and Media']",sandbox_ready,freemium,"Android, Windows, iOS, macOS"
Microsoft Word,k1_economic,,1144002633532.7463,"['Word processing', 'Office Productivity']","['Computer and Mathematical', 'Healthcare Practitioners and Technical', 'Personal Care and Service', 'Business and Financial Operations', 'Arts, Design, Entertainment, Sports, and Media']",sandbox_ready,freemium,"Android, Windows, iOS, macOS"
Microsoft PowerPoint,k1_economic,,439916732257.5059,['Presentation'],"['Computer and Mathematical', 'Educational Instruction and Library', 'Architecture and Engineering', 'Sales and Related', 'Healthcare Practitioners and Technical']",sandbox_ready,freemium,"Android, Web, Windows, iOS, macOS"
Visual Studio Code,k1_economic,,124671450515.76865,"['Programming & Automation', 'Coding Tools']","['Computer and Mathematical', 'Architecture and Engineering', 'Educational Instruction and Library', 'Business and Financial Operations', 'Arts, Design, Entertainment, Sports, and Media']",sandbox_ready,free,"Linux, Windows, macOS"
VistA,k1_economic,Cerner PowerChart,98162520045.05884,"['Medical scheduling software', 'EHR/EMR', 'Practice Management']","['Computer and Mathematical', 'Educational Instruction and Library', 'Healthcare Practitioners and Technical', 'Management', 'Life, Physical, and Social Science']",self_hostable,free,"Linux, Windows"
Google Chrome,k1_economic,,81178479695.06705,"['Web browsers', 'Email software']","['Computer and Mathematical', 'Personal Care and Service', 'Business and Financial Operations', 'Arts, Design, Entertainment, Sports, and Media', 'Installation, Maintenance, and Repair']",sandbox_ready,free,"Android, Linux, Windows, iOS, macOS"
Microsoft Power BI Desktop,k1_economic,,68250164623.66918,"['Data Analysis', 'Data visualization', 'Business Intelligence']","['Computer and Mathematical', 'Business and Financial Operations', 'Management', 'Life, Physical, and Social Science', 'Office and Administrative Support']",sandbox_ready,free,Windows
Canvas LMS,k1_economic,,41964011874.45916,['LMS'],"['Educational Instruction and Library', 'Healthcare Practitioners and Technical', 'Business and Financial Operations', 'Protective Service', 'Arts, Design, Entertainment, Sports, and Media']",self_hostable,freemium,"Android, Linux, Windows, iOS, macOS"
Mail & Calendar,k1_economic,,40202372876.71624,['Email software'],"['Computer and Mathematical', 'Healthcare Practitioners and Technical', 'Personal Care and Service', 'Business and Financial Operations', 'Arts, Design, Entertainment, Sports, and Media']",sandbox_ready,free,Windows
Visual Studio,k1_economic,,36559769935.142525,"['Programming & Automation', 'Coding Tools']","['Computer and Mathematical', 'Architecture and Engineering', 'Educational Instruction and Library', 'Business and Financial Operations', 'Management']",sandbox_ready,freemium,"Windows, macOS"
Google Earth Pro,k1_economic,,34582962737.89638,"['GIS Viewers', 'Map Viewing', 'GIS']","['Production', 'Architecture and Engineering', 'Educational Instruction and Library', 'Sales and Related', 'Business and Financial Operations']",sandbox_ready,free,"Linux, Windows, macOS"
Matomo,k1_economic,,28915134694.99733,['Web analytics'],"['Business and Financial Operations', 'Management', 'Computer and Mathematical']",self_hostable,freemium,"Linux, Windows, macOS"
CommCare,k1_economic,,26985562355.21772,"['Survey Creation', 'Electronic data capture', 'Survey Tools', 'Survey', 'Survey Design']","['Community and Social Service', 'Office and Administrative Support', 'Management', 'Life, Physical, and Social Science']",self_hostable,freemium,"Android, Web"
WooCommerce,k1_economic,,26666750862.273293,"['E-commerce platforms', 'Order Management']","['Business and Financial Operations', 'Office and Administrative Support', 'Arts, Design, Entertainment, Sports, and Media']",self_hostable,free,"Linux, Windows, macOS"
QGIS,k1_economic,ArcGIS Pro,26429074202.57107,"['Remote Sensing', 'Scripting', 'Subject-Specific Software', 'GIS', 'Map creation']","['Computer and Mathematical', 'Architecture and Engineering', 'Educational Instruction and Library', 'Production', 'Sales and Related']",sandbox_ready,free,"Android, Linux, Windows, macOS"
Microsoft Edge,k1_economic,,25469027809.93041,['Web browsers'],"['Computer and Mathematical', 'Personal Care and Service', 'Business and Financial Operations', 'Arts, Design, Entertainment, Sports, and Media', 'Installation, Maintenance, and Repair']",sandbox_ready,free,"Android, Linux, Windows, iOS, macOS"
IntelliJ IDEA,k1_economic,,25285034530.55623,"['Programming & Automation', 'Coding Tools']","['Computer and Mathematical', 'Architecture and Engineering', 'Educational Instruction and Library', 'Business and Financial Operations', 'Management']",sandbox_ready,freemium,"Linux, Windows, macOS"
Mozilla Firefox,k1_economic,,24006069764.545258,['Web browsers'],"['Computer and Mathematical', 'Personal Care and Service', 'Business and Financial Operations', 'Arts, Design, Entertainment, Sports, and Media', 'Installation, Maintenance, and Repair']",sandbox_ready,free,"Android, Linux, Windows, iOS, macOS"
SQL Server Management Studio,k1_economic,,23770771035.02796,['Database Client'],"['Computer and Mathematical', 'Architecture and Engineering', 'Production', 'Business and Financial Operations', 'Protective Service']",sandbox_ready,free,Windows
PyCharm,k1_economic,,23754551295.42956,"['Programming & Automation', 'Coding Tools']","['Computer and Mathematical', 'Architecture and Engineering', 'Educational Instruction and Library', 'Business and Financial Operations', 'Arts, Design, Entertainment, Sports, and Media']",sandbox_ready,freemium,"Linux, Windows, macOS"
Power BI Desktop,k1_economic,,23497021467.32867,['Data Analysis'],"['Architecture and Engineering', 'Business and Financial Operations', 'Protective Service', 'Management', 'Life, Physical, and Social Science']",sandbox_ready,freemium,Windows
Docker Desktop,k1_economic,,22500619953.572067,"['Containerization software', 'Virtualization & Containers']","['Computer and Mathematical', 'Educational Instruction and Library']",sandbox_ready,freemium,"Linux, Windows, macOS"
Mozilla Thunderbird,k1_economic,Apple Mail,22289181453.330643,"['Email and communication', 'Office Productivity', 'Email software']","['Computer and Mathematical', 'Healthcare Practitioners and Technical', 'Personal Care and Service', 'Business and Financial Operations', 'Arts, Design, Entertainment, Sports, and Media']",sandbox_ready,free,"Linux, Windows, macOS"
Odoo,k1_economic,Microsoft Dynamics 365 Finance,11529281269.331465,"['ERP', 'Order Management', 'Inventory and Logistics', 'Scheduling software', 'Procurement software']","['Production', 'Sales and Related', 'Healthcare Practitioners and Technical', 'Personal Care and Service', 'Business and Financial Operations']",self_hostable,freemium,"Android, Linux, Windows, iOS"
Oracle Analytics Desktop,k1_economic,Tableau Desktop,7797004621.421077,['Business Intelligence'],"['Computer and Mathematical', 'Business and Financial Operations', 'Management']",sandbox_ready,free,"Windows, macOS"
MicroDicom,k1_economic,RadiAnt DICOM Viewer,4787066167.566064,"['Medical imaging', 'Medical Imaging']","['Healthcare Support', 'Healthcare Practitioners and Technical', 'Installation, Maintenance, and Repair']",sandbox_ready,freemium,Windows
Odoo Inventory,k1_economic,Square for Retail,4450593949.881863,['Inventory Management'],"['Production', 'Sales and Related', 'Personal Care and Service', 'Business and Financial Operations', 'Building and Grounds Cleaning and Maintenance']",self_hostable,freemium,"Android, Linux, Web, Windows, iOS, macOS"
Odoo CRM,k1_economic,Microsoft Dynamics 365 Sales,3803237092.328285,['CRM'],"['Sales and Related', 'Business and Financial Operations', 'Building and Grounds Cleaning and Maintenance', 'Management', 'Office and Administrative Support']",self_hostable,freemium,"Android, Linux, Web, Windows, iOS, macOS"
LibreOffice Base,k1_economic,Microsoft Access,3409002689.570732,"['Database Client', 'Database System']","['Educational Instruction and Library', 'Business and Financial Operations', 'Transportation and Material Moving', 'Farming, Fishing, and Forestry', 'Office and Administrative Support']",sandbox_ready,free,"Linux, Windows, macOS"
Redmine,k1_economic,Jira Data Center,3263457924.0286517,"['Incident Tracking', 'Project management', 'Issue Tracking']","['Computer and Mathematical', 'Architecture and Engineering', 'Installation, Maintenance, and Repair']",self_hostable,free,"Linux, Unix, Web, Windows, macOS"
OpenEMR,k1_economic,athenaOne,2673714670.6759915,"['Medical scheduling software', 'EHR/EMR', 'Practice Management', 'Billing and insurance', 'Billing']","['Computer and Mathematical', 'Healthcare Practitioners and Technical', 'Management', 'Life, Physical, and Social Science', 'Community and Social Service']",self_hostable,free,"Linux, Web, Windows, macOS"
Vtiger CRM,k1_economic,HubSpot CRM,2259642076.685649,['CRM'],"['Sales and Related', 'Business and Financial Operations', 'Building and Grounds Cleaning and Maintenance', 'Management', 'Office and Administrative Support']",self_hostable,freemium,"Android, Linux, Web, Windows, iOS"
LibreOffice,k1_economic,Microsoft 365,1993138729.5144956,['Office Productivity'],"['Business and Financial Operations', 'Healthcare Practitioners and Technical']",sandbox_ready,free,"Linux, Windows, macOS"
Mattermost,k1_economic,Slack,1917139404.2044551,"['Communication software', 'Email and communication', 'Communication & Collaboration', 'Collaboration software', 'Instant Messaging']","['Computer and Mathematical', 'Management']",self_hostable,freemium,"Android, Linux, Windows, iOS, macOS"
Odoo Point of Sale,k1_economic,Clover,1915614590.4006083,['POS'],"['Production', 'Sales and Related']",self_hostable,freemium,"Android, Linux, Windows, iOS"
SuiteCRM,k1_economic,Salesforce Sales Cloud,1486723393.5327792,['CRM'],"['Office and Administrative Support', 'Sales and Related']",self_hostable,free,"Linux, Web, Windows, macOS"
ERPNext,k1_economic,Oracle NetSuite,1346895840.270465,"['ERP', 'Order Management', 'Procurement software', 'CRM', 'Order entry software']","['Production', 'Business and Financial Operations', 'Transportation and Material Moving', 'Management', 'Office and Administrative Support']",self_hostable,free,"Android, Linux, Web, iOS, macOS"
WPS Presentation,k1_economic,Google Slides,1232402555.913616,['Presentation'],"['Computer and Mathematical', 'Educational Instruction and Library', 'Sales and Related', 'Management', 'Life, Physical, and Social Science']",sandbox_ready,freemium,"Android, Linux, Windows, iOS, macOS"
Zotero,k1_economic,EndNote,1148898647.6635628,"['Metadata management tools', 'Reference management', 'Bibliographic Management', 'Medical Research']","['Educational Instruction and Library', 'Life, Physical, and Social Science']",sandbox_ready,freemium,"Linux, Windows, iOS, macOS"
Rocket.Chat,k1_economic,Microsoft Teams,958569702.1022276,"['Communication software', 'Email and communication', 'Communication & Collaboration', 'Collaboration software', 'Instant Messaging']","['Computer and Mathematical', 'Management']",self_hostable,freemium,"Android, Linux, Windows, iOS, macOS"
Odoo Community,k1_economic,Microsoft Dynamics 365 Business Central,958423695.354652,"['Invoicing and billing software', 'Accounting']","['Business and Financial Operations', 'Office and Administrative Support']",self_hostable,free,"Linux, Windows"
Dolibarr,k1_economic,Lightspeed Retail,897930560.1803099,"['ERP', 'Order Management', 'Inventory and Logistics', 'Invoicing and billing software', 'Invoicing']","['Production', 'Business and Financial Operations', 'Transportation and Material Moving', 'Management', 'Office and Administrative Support']",self_hostable,free,"Linux, Web, Windows, macOS"
LogicalDOC,k1_economic,Laserfiche,877234785.8800924,['Information Management'],"['Computer and Mathematical', 'Architecture and Engineering', 'Office and Administrative Support']",self_hostable,freemium,"Android, Linux, Windows, iOS, macOS"
Chromis POS,k1_economic,Toast POS,754967558.1433008,"['POS', 'Order entry software']",['Sales and Related'],sandbox_ready,free,"Linux, Windows, macOS"
Manager,k1_economic,QuickBooks Desktop,711625249.3049357,"['Invoicing', 'Accounting', 'Budgeting', 'Invoicing and billing software', 'HR and Payroll']","['Production', 'Sales and Related', 'Personal Care and Service', 'Business and Financial Operations', 'Food Preparation and Serving Related']",sandbox_ready,freemium,"Linux, Windows, macOS"
uniCenta oPOS,k1_economic,NCR Aloha,696934213.3050212,['POS'],"['Production', 'Sales and Related']",sandbox_ready,freemium,"Linux, Windows, macOS"
Floreant POS,k1_economic,Oracle MICROS Simphony,638413238.1093217,"['POS', 'Order entry software']","['Sales and Related', 'Food Preparation and Serving Related']",sandbox_ready,free,"Linux, Windows, macOS"
Nuxeo Platform,k1_economic,Microsoft SharePoint,636352303.0968003,"['Information Management', 'Digital asset management']","['Computer and Mathematical', 'Educational Instruction and Library', 'Office and Administrative Support']",self_hostable,freemium,"Linux, Windows, macOS"
xTuple,k1_economic,Fishbowl Inventory,585998469.3729702,"['ERP', 'Production Scheduling']","['Production', 'Business and Financial Operations', 'Office and Administrative Support', 'Management']",self_hostable,freemium,"Linux, Windows, macOS"
WPS Office,k1_economic,Apple Pages,497966760.58412474,['Office Productivity'],['Business and Financial Operations'],sandbox_ready,freemium,"Android, Linux, Windows, iOS, macOS"
Eclipse,k1_economic,eClinicalWorks,470810388.2313099,"['Medical scheduling software', 'Radiation Treatment Planning', 'Veterinary practice management', 'Practice Management', 'Medical Billing & Coding']",['Healthcare Practitioners and Technical'],sandbox_ready,free,Windows
Anaconda,k1_economic,R,425527301.0216352,"['Scientific Computing', 'Math & Analysis', 'Coding Tools', 'Data Analysis', 'Programming & Automation']","['Computer and Mathematical', 'Architecture and Engineering', 'Educational Instruction and Library', 'Business and Financial Operations', 'Life, Physical, and Social Science']",sandbox_ready,freemium,"Linux, Windows, macOS"
OpenKM,k1_economic,Microsoft SharePoint Server,320099702.4644756,['Information Management'],"['Computer and Mathematical', 'Office and Administrative Support']",self_hostable,freemium,"Android, Linux, Windows, iOS, macOS"
Express Accounts,k1_economic,QuickBooks Online,280913452.0552884,['Accounting'],"['Business and Financial Operations', 'Office and Administrative Support', 'Management', 'Installation, Maintenance, and Repair']",sandbox_ready,freemium,"Windows, macOS"
TurboCASH,k1_economic,Sage 50,269178286.98613816,"['Invoicing and billing software', 'Payroll and accounting', 'Accounting']","['Business and Financial Operations', 'Management']",sandbox_ready,freemium,Windows
JASP,k1_economic,IBM SPSS Statistics,260469855.55127555,"['Data Analysis', 'Statistical', 'Statistical Analysis']","['Computer and Mathematical', 'Educational Instruction and Library', 'Life, Physical, and Social Science']",sandbox_ready,free,"Linux, Windows, macOS"
Casebox,k1_economic,iManage Work,253002080.50585985,['Information Management'],['Computer and Mathematical'],self_hostable,free,"Linux, Web"
Wondershare EdrawMax,k1_economic,Microsoft Visio,249998871.84195676,['Diagramming'],['Computer and Mathematical'],sandbox_ready,freemium,"Android, Linux, Windows, iOS, macOS"
Metasfresh,k1_economic,Oracle E-Business Suite,223880228.52667308,"['Procurement software', 'ERP', 'Order Management']","['Production', 'Business and Financial Operations', 'Transportation and Material Moving', 'Management', 'Office and Administrative Support']",self_hostable,freemium,"Android, Linux, Web, iOS"
Axelor,k1_economic,SAP Customer Experience,223880228.52667308,"['CRM', 'ERP']","['Production', 'Business and Financial Operations', 'Transportation and Material Moving', 'Management', 'Office and Administrative Support']",self_hostable,freemium,"Android, Linux, Windows, iOS, macOS"
iDempiere,k1_economic,SAP S/4HANA,223880228.52667308,['ERP'],"['Production', 'Business and Financial Operations', 'Transportation and Material Moving', 'Management', 'Office and Administrative Support']",self_hostable,free,"Linux, Windows, macOS"
ProjectLibre,k1_economic,Oracle Primavera P6,189424992.1687877,"['Scheduling software', 'Project management']",['Management'],sandbox_ready,free,"Linux, Windows, macOS"
Jitsi Meet,k1_economic,Zoom,126707847.18426348,"['Communication & Collaboration', 'Conferencing', 'Collaboration software']","['Management', 'Arts, Design, Entertainment, Sports, and Media', 'Personal Care and Service']",self_hostable,free,"Android, Linux, Windows, iOS, macOS"
EspoCRM,k1_economic,Zoho CRM,113327906.076753,['CRM'],"['Office and Administrative Support', 'Sales and Related']",self_hostable,freemium,"Linux, Web, Windows, macOS"
FreeCAD,k1_economic,SolidWorks,106348191.52942546,"['CAD', 'CAD/CAM', 'Computer Aided Design (CAD)']","['Architecture and Engineering', 'Arts, Design, Entertainment, Sports, and Media']",sandbox_ready,free,"Linux, Windows, macOS"
openSIS,k1_economic,PowerSchool SIS,90708384.68875892,['Student information systems'],['Management'],self_hostable,freemium,"Android, Linux, Web, Windows, iOS"
LibreCAD,k1_economic,AutoCAD,83577655.74497335,"['CAD', 'CAD/CAM', 'Computer Aided Design (CAD)']","['Computer and Mathematical', 'Architecture and Engineering', 'Arts, Design, Entertainment, Sports, and Media', 'Installation, Maintenance, and Repair', 'Construction and Extraction']",sandbox_ready,free,"Linux, Windows, macOS"
Copper Point of Sale,k1_economic,Square Point of Sale,83429892.85282929,"['POS', 'Order entry software']","['Healthcare Support', 'Sales and Related']",sandbox_ready,freemium,"Windows, macOS"
Gretl,k1_economic,Bloomberg Terminal,46846598.26293303,"['Mathematical computing', 'Scientific Computing', 'Statistical Analysis', 'Mathematics', 'Data Analysis']",['Educational Instruction and Library'],sandbox_ready,free,"Linux, Windows, macOS"
Superset,k1_economic,SimplePractice,12885168.469255395,['Client Management'],['Personal Care and Service'],self_hostable,free,"Android, Web, iOS"
GCompris,k1_economic,Google Classroom,4883757.22015177,['Education'],['Personal Care and Service'],sandbox_ready,free,"Android, Linux, Windows, macOS"
2BizBox,k1_economic,Epicor Kinetic,4426087.012196879,['ERP'],['Production'],self_hostable,free,"Linux, Windows, macOS"
YetiForce,k1_economic,Oracle Siebel CRM,2460368.255677722,['CRM'],['Office and Administrative Support'],self_hostable,free,"Linux, Web, Windows"
HospitalRun,k1_economic,Veradigm Sunrise,,"['Medical scheduling software', 'EHR/EMR', 'Practice Management']",[],self_hostable,free,"Linux, Windows, macOS"
MedinTux,k1_economic,Cerner Millennium,,"['EHR/EMR', 'Practice Management']",[],self_hostable,free,"Linux, Windows, macOS"
NOSH ChartingSystem,k1_economic,DrChrono,,['EHR/EMR'],[],self_hostable,free,Linux
FrontAccounting,k1_economic,Xero,,['Accounting'],[],self_hostable,free,"Linux, Windows, macOS"
ONLYOFFICE Spreadsheet Editor,k1_economic,Google Sheets,,['Spreadsheet'],[],sandbox_ready,free,"Android, Linux, Windows, iOS, macOS"
Liverpool Cancer iChart,k1_economic,UpToDate,,['Drug Reference'],[],sandbox_ready,free,"Android, iOS"
NOSH Charting System,k1_economic,EMA,,['EHR/EMR'],[],self_hostable,free,Linux
Tcl/Tk,k1_economic,Python,,['Programming & Automation'],[],sandbox_ready,free,"Linux, Windows, macOS"
Bahmni,k1_economic,MEDITECH Expanse,,"['Medical scheduling software', 'Billing and insurance', 'EHR/EMR', 'Practice Management']",[],self_hostable,free,Linux
OpenClinic GA,k1_economic,MatrixCare,,"['Medical scheduling software', 'EHR/EMR', 'Practice Management']",[],self_hostable,free,"Linux, Windows, macOS"
Nextcloud Talk,k1_economic,Cisco Webex,,['Collaboration software'],[],self_hostable,free,"Android, Linux, Windows, iOS, macOS"
OpenMRS,k1_economic,Epic,,"['Medical scheduling software', 'EHR/EMR']",[],self_hostable,free,"Linux, Windows, macOS"
OSCAR EMR,k1_economic,PointClickCare,,"['Billing and insurance', 'EHR/EMR', 'Practice Management']",[],self_hostable,free,"Linux, Web"
VitalRecorder,k1_economic,IntelliSpace Critical Care and Anesthesia,,['Medical device interfaces'],[],sandbox_ready,free,Windows
JStock,k1_economic,S&P Capital IQ,,"['Portfolio management software', 'Financial analysis software']",[],sandbox_ready,free,"Linux, Windows, macOS"
OpenLawOffice,k1_economic,Legal Files,,['Case Management'],[],self_hostable,free,"Linux, Web, Windows"
GoodKeywords,k1_economic,Google Ads,,['SEM'],[],sandbox_ready,free,Windows
Oscar EMR,k1_economic,NextGen Enterprise EHR,,['EHR/EMR'],[],self_hostable,free,"Linux, Web"
FreeMED,k1_economic,CPRS,,"['Medical scheduling software', 'EHR/EMR']",[],self_hostable,free,Linux
LibreHealth EHR,k1_economic,AdvancedMD,,['EHR/EMR'],[],self_hostable,free,"Linux, Web, Windows"
GNU Health,k1_economic,Sunrise EHR,,"['Medical scheduling software', 'ERP', 'EHR/EMR', 'Practice Management', 'Billing and insurance']",[],self_hostable,free,"Linux, Windows, macOS"
Odoo Mobile,k1_economic,Shopify POS,,['Order entry software'],[],self_hostable,freemium,"Android, iOS"
Lunacy,k1_economic,Canva,,"['Graphic Design', 'UX/UI Prototyping', 'Vector Graphics']",[],sandbox_ready,free,"Linux, Windows, macOS"
Liverpool HIV iChart,k1_economic,Lexicomp,,['Drug Reference'],[],sandbox_ready,free,"Android, iOS"
Portfolio Performance,k1_economic,FactSet Workstation,,"['Portfolio management software', 'Financial analysis software']",[],sandbox_ready,free,"Linux, Windows, macOS"
DreamPlan Home Design Software,k1_economic,Civil 3D,,['CAD'],[],sandbox_ready,freemium,"Android, Windows, macOS"
ManageEngine ServiceDesk Plus,k2_1_strategic,ESO Suite,11770816447.098991,"['IT Service Management', 'Incident reporting software', 'Incident Tracking', 'Issue Tracking']","['Computer and Mathematical', 'Office and Administrative Support', 'Management', 'Installation, Maintenance, and Repair']",self_hostable,freemium,"Android, Linux, Web, Windows, iOS"
Moodle,k2_1_strategic,Schoology,11462289394.558388,['LMS'],"['Educational Instruction and Library', 'Healthcare Practitioners and Technical', 'Personal Care and Service', 'Business and Financial Operations', 'Protective Service']",self_hostable,free,"Android, Linux, Windows, iOS, macOS"
Medicare Remit Easy Print,k2_1_strategic,,3947796296.963346,['Insurance processing'],['Healthcare Practitioners and Technical'],sandbox_ready,free,Windows
Weasis,k2_1_strategic,OsiriX MD,3894488472.442071,"['Medical imaging', 'Medical Imaging']","['Educational Instruction and Library', 'Healthcare Support', 'Healthcare Practitioners and Technical']",sandbox_ready,free,"Linux, Windows, macOS"
Stock and Inventory Simple,k2_1_strategic,Sortly,3887664332.737089,['Inventory Management'],"['Production', 'Sales and Related', 'Personal Care and Service', 'Building and Grounds Cleaning and Maintenance', 'Transportation and Material Moving']",sandbox_ready,freemium,Android
Wazuh,k2_1_strategic,Comply365,3446358519.363499,"['Security Management', 'SIEM', 'Compliance', 'Security Information Management', 'Auditing']","['Computer and Mathematical', 'Business and Financial Operations']",self_hostable,freemium,"Linux, Windows, macOS"
DaVinci Resolve,k2_1_strategic,Adobe Premiere Pro,2493749444.3300433,"['Color Grading', 'Photo and Video Editing', 'Video Editing']","['Educational Instruction and Library', 'Personal Care and Service', 'Business and Financial Operations', 'Protective Service', 'Arts, Design, Entertainment, Sports, and Media']",sandbox_ready,freemium,"Linux, Windows, macOS"
Nx Witness VMS,k2_1_strategic,Milestone XProtect,2364463031.903309,['Video Management'],"['Business and Financial Operations', 'Protective Service', 'Management']",self_hostable,freemium,"Android, Linux, Windows, iOS, macOS"
GeoSetter,k2_1_strategic,,2260124213.2243896,"['GPS and Survey Data Tools', 'Metadata management tools', 'Photo Management', 'Photo Management & Editing']","['Business and Financial Operations', 'Transportation and Material Moving', 'Life, Physical, and Social Science']",sandbox_ready,free,Windows
GLPI,k2_1_strategic,ImageTrend Elite,1604604734.8370724,"['IT Service Management', 'Incident Tracking', 'Asset Management', 'Incident reporting software', 'Issue Tracking']","['Computer and Mathematical', 'Installation, Maintenance, and Repair']",self_hostable,free,"Linux, Web, Windows"
LimeSurvey,k2_1_strategic,Qualtrics XM App,1518537678.2975862,"['Survey', 'Survey Creation', 'Survey Design', 'Survey Tools']","['Business and Financial Operations', 'Educational Instruction and Library', 'Office and Administrative Support', 'Life, Physical, and Social Science']",self_hostable,free,"Android, Linux, Windows, macOS"
ArkCase,k2_1_strategic,Spillman Flex,1465739176.6706505,['Case Management'],"['Community and Social Service', 'Legal']",self_hostable,free,"Linux, Windows"
Odoo POS,k2_1_strategic,NCR Counterpoint,1384806238.046068,['POS'],"['Production', 'Sales and Related', 'Transportation and Material Moving', 'Food Preparation and Serving Related', 'Management']",self_hostable,freemium,"Android, Linux, Windows, iOS, macOS"
SORMAS,k2_1_strategic,NEDSS Base System,1226628904.4504366,['Public health surveillance systems'],['Healthcare Practitioners and Technical'],self_hostable,free,"Android, Linux, Web"
MuseScore,k2_1_strategic,,1223579313.626064,"['Music notation', 'Subject-Specific Software']","['Educational Instruction and Library', 'Healthcare Practitioners and Technical', 'Arts, Design, Entertainment, Sports, and Media']",sandbox_ready,free,"Linux, Windows, macOS"
Inkscape,k2_1_strategic,Adobe Illustrator,1207779702.790501,"['Graphics Software', 'Graphic Design', 'Vector Graphics']","['Computer and Mathematical', 'Educational Instruction and Library', 'Production', 'Architecture and Engineering', 'Arts, Design, Entertainment, Sports, and Media']",sandbox_ready,free,"Linux, Windows, macOS"
OrangeHRM,k2_1_strategic,UKG Pro,1091260667.9672935,"['HR and Payroll', 'HR Management']","['Business and Financial Operations', 'Office and Administrative Support', 'Management', 'Personal Care and Service']",self_hostable,freemium,"Linux, Web, Windows, macOS"
Luxriot Evo,k2_1_strategic,Dallmeier SeMSy,992747069.305648,"['Surveillance', 'Video Management']","['Business and Financial Operations', 'Protective Service', 'Management']",self_hostable,free,"Android, Windows, iOS, macOS"
Sakai,k2_1_strategic,Blackboard Learn,951989727.912008,['LMS'],"['Educational Instruction and Library', 'Management']",self_hostable,free,"Linux, Windows, macOS"
GIMP,k2_1_strategic,Adobe Photoshop,843295811.3457451,"['Photo Editing', 'Graphic Design', 'Photo and Video Editing', 'Graphics Software', 'Photo Management & Editing']","['Computer and Mathematical', 'Educational Instruction and Library', 'Architecture and Engineering', 'Production', 'Healthcare Practitioners and Technical']",sandbox_ready,free,"Linux, Windows, macOS"
ActivePresenter,k2_1_strategic,Articulate Storyline,777584567.7999299,"['Presentation', 'E-learning authoring tools']","['Business and Financial Operations', 'Educational Instruction and Library', 'Management']",sandbox_ready,freemium,"Windows, macOS"
Request Tracker,k2_1_strategic,New World Public Safety,753514354.4310501,"['Incident reporting software', 'Issue Tracking']","['Computer and Mathematical', 'Installation, Maintenance, and Repair']",self_hostable,free,"Linux, Unix, Web"
Fedena,k2_1_strategic,Frontline Education,725667077.5100708,"['Student information systems', 'HR Management']",['Management'],self_hostable,freemium,"Linux, Web, Windows"
osTicket,k2_1_strategic,TrackTik,692649854.022941,"['Incident reporting software', 'Incident Tracking', 'Issue Tracking']","['Computer and Mathematical', 'Installation, Maintenance, and Repair']",self_hostable,free,"Linux, Web, Windows"
Zulip,k2_1_strategic,ClassDojo,564671499.7906107,"['Communication & Collaboration', 'Communication software', 'Collaboration software']",['Computer and Mathematical'],self_hostable,freemium,"Android, Linux, Windows, iOS, macOS"
Open edX,k2_1_strategic,D2L Brightspace,493785614.4275154,['LMS'],"['Business and Financial Operations', 'Educational Instruction and Library', 'Management']",self_hostable,free,"Android, Linux, iOS"
LFS,k2_1_strategic,Manhattan Active Warehouse Management,449649971.9333427,['Warehouse management systems'],"['Transportation and Material Moving', 'Management']",sandbox_ready,freemium,"Android, Linux, Windows, iOS"
TimeTrex,k2_1_strategic,UKG TeleStaff,429795834.8041704,"['Time and attendance', 'Scheduling software', 'HR Management']","['Business and Financial Operations', 'Production', 'Office and Administrative Support', 'Personal Care and Service']",self_hostable,freemium,"Linux, Windows, macOS"
Canary Mail,k2_1_strategic,OhMD,418355071.3571341,"['Email and communication', 'Email software']","['Sales and Related', 'Arts, Design, Entertainment, Sports, and Media', 'Management', 'Installation, Maintenance, and Repair', 'Office and Administrative Support']",sandbox_ready,freemium,"Android, Windows, iOS, macOS"
TheHive,k2_1_strategic,Omnigo Software,400528604.7221672,"['Incident reporting software', 'Incident Tracking']",['Management'],self_hostable,free,"Linux, Web"
2N Access Commander,k2_1_strategic,Genetec Security Center,392385971.19022745,['Access control'],"['Business and Financial Operations', 'Installation, Maintenance, and Repair']",self_hostable,freemium,"Linux, Windows, macOS"
Sygic GPS Navigation,k2_1_strategic,Trucker Path,254970569.08320177,['Navigation'],"['Office and Administrative Support', 'Construction and Extraction', 'Transportation and Material Moving', 'Personal Care and Service']",sandbox_ready,freemium,"Android, iOS"
Crimson,k2_1_strategic,FactoryTalk View,218079390.15229517,"['Equipment Control Interfaces', 'HMI software', 'Industrial control software', 'Industrial Control Systems']","['Production', 'Transportation and Material Moving']",sandbox_ready,free,Windows
OpenVPMS,k2_1_strategic,AltaPoint,207380447.38674453,['Veterinary practice management'],"['Healthcare Support', 'Healthcare Practitioners and Technical', 'Personal Care and Service']",self_hostable,free,"Linux, Windows, macOS"
Mayan EDMS,k2_1_strategic,Axon Evidence,189751560.3793949,['Information Management'],['Computer and Mathematical'],self_hostable,free,Linux
Blue Sky Plan,k2_1_strategic,Sidexis 4,183894990.97559536,"['Virtual surgical planning', 'Medical Imaging', '3D Treatment Planning']",['Healthcare Practitioners and Technical'],sandbox_ready,freemium,"Windows, macOS"
ODK Collect,k2_1_strategic,GoCanvas,160595589.65610796,"['Survey Creation', 'Electronic data capture', 'Data Entry', 'Survey Tools', 'Mobile Data Collection']","['Community and Social Service', 'Office and Administrative Support', 'Farming, Fishing, and Forestry', 'Life, Physical, and Social Science']",self_hostable,free,Android
Linphone,k2_1_strategic,Voalte One,134034954.06842564,"['Communication software', 'Telephony']",['Office and Administrative Support'],sandbox_ready,free,"Android, Linux, Windows, iOS, macOS"
Autopsy,k2_1_strategic,Cellebrite UFED Physical Analyzer,71043602.52362667,"['Digital forensics tools', 'Litigation support software', 'Information Security', 'Security']",['Protective Service'],sandbox_ready,free,"Linux, Windows, macOS"
Forma LMS,k2_1_strategic,Cornerstone Learning,51699954.99529664,['LMS'],['Business and Financial Operations'],self_hostable,free,"Linux, Windows"
Anki,k2_1_strategic,Kahoot!,28480780.52138104,"['Education', 'Language Learning']",['Educational Instruction and Library'],sandbox_ready,free,"Android, Linux, Windows, iOS, macOS"
Tier II Submit,k2_1_strategic,ATP Aviation Hub,27511739.8065687,['Compliance'],"['Building and Grounds Cleaning and Maintenance', 'Transportation and Material Moving']",sandbox_ready,free,"Windows, macOS"
Anytune,k2_1_strategic,Spotify,25770336.938510608,['Music Streaming and Editing'],['Personal Care and Service'],sandbox_ready,freemium,"Android, iOS, macOS"
OpenELIS,k2_1_strategic,Epic Beaker,25470036.502835214,"['Laboratory Equipment Software', 'Laboratory Information Management Systems']",['Healthcare Support'],self_hostable,free,"Linux, Web, Windows"
Speech Analyzer,k2_1_strategic,Constant Therapy,20226777.61479769,"['Speech Therapy', 'Speech Analysis']",['Healthcare Practitioners and Technical'],sandbox_ready,free,Windows
Gnumeric,k2_1_strategic,Apple Numbers,17056319.329830136,"['Office Productivity', 'Spreadsheet']","['Computer and Mathematical', 'Life, Physical, and Social Science']",sandbox_ready,free,"Linux, Windows"
Animal Shelter Manager,k2_1_strategic,Chameleon/CMS,8634537.19480506,['Animal management'],['Protective Service'],self_hostable,free,"Linux, Web, Windows, macOS"
GNOME Web,k2_1_strategic,Apple Safari,7259468.237120058,['Web browsers'],['Computer and Mathematical'],sandbox_ready,free,Linux
JMS,k2_1_strategic,T2 Flex,6595001.778797096,['Parking Management'],['Transportation and Material Moving'],sandbox_ready,free,"Android, Web, Windows, iOS"
Business Calendar 2,k2_1_strategic,Google Calendar,102989.0743934968,"['Calendar', 'Calendar and scheduling']",['Sales and Related'],sandbox_ready,freemium,Android
GNUmed,k2_1_strategic,Centricity Practice Solution,,['Practice Management'],[],self_hostable,free,"Linux, Windows, macOS"
BarTender UltraLite,k2_1_strategic,BarTender,,['Labeling'],[],sandbox_ready,free,Windows
WhisperDesktop,k2_1_strategic,M*Modal Fluency Direct,,['Speech Recognition'],[],sandbox_ready,free,Windows
EasyCode,k2_1_strategic,ICD-10 Consult,,['Medical Coding'],[],sandbox_ready,free,Windows
EuroScope,k2_1_strategic,ERAM,,['Air traffic control systems'],[],sandbox_ready,free,Windows
NosH,k2_1_strategic,CPSI Evident,,['EHR/EMR'],[],self_hostable,free,"Linux, Web"
ManageEngine ADAudit Plus,k2_1_strategic,SafetyCulture,,"['Compliance', 'Auditing']",[],self_hostable,freemium,Windows
ONLYOFFICE Presentation Editor,k2_1_strategic,Keynote,,['Presentation'],[],sandbox_ready,free,"Android, Linux, Windows, iOS, macOS"
REMM,k2_1_strategic,Epocrates,,['Medical Reference'],[],sandbox_ready,free,"Android, Windows, iOS"
Portia,k2_1_strategic,Boardmaker 7,,"['Special Education', 'Special education management software', 'IEP']",[],self_hostable,free,"Android, iOS"
OpenPet,k2_1_strategic,AVImark,,['Animal management'],[],self_hostable,free,"Linux, Windows"
OpenICE,k2_1_strategic,Capsule Neuron,,['Medical device interfaces'],[],sandbox_ready,free,"Linux, Windows"
TrackChecker,k2_1_strategic,DispatchTrack,,['Logistics and Tracking'],[],sandbox_ready,free,"Android, Windows, iOS"
OpenBCI GUI,k2_1_strategic,BeneVision CMS,,['Medical device interfaces'],[],sandbox_ready,free,"Linux, Windows, macOS"
OpenDental,k2_1_strategic,NextGen Enterprise,,['Medical scheduling software'],[],self_hostable,freemium,Windows
SolveSpace,k2_1_strategic,Autodesk Fusion,,"['CAD', 'CAD/CAM', 'Computer Aided Design (CAD)']",[],sandbox_ready,free,"Linux, Windows, macOS"
Orange Data Mining,k2_1_strategic,Minitab,,"['Data Analysis', 'Data mining']",[],sandbox_ready,free,"Linux, Windows, macOS"
Odoo Scheduling,k2_1_strategic,UKG Dimensions,,['Scheduling software'],[],self_hostable,freemium,"Android, Linux, Web, Windows, iOS"
2GIS,k2_1_strategic,Waze,,['Navigation'],[],sandbox_ready,free,"Android, Windows, iOS"
SLiMS,k2_1_strategic,Follett Destiny Library Manager,,"['Integrated library systems', 'Library Management Systems']",[],self_hostable,free,"Linux, Windows, macOS"
Aerobridge,k2_1_strategic,Jeppesen FliteDeck Pro,,['Aviation Management'],[],self_hostable,free,"Linux, Windows, macOS"
Heidi,k2_1_strategic,Dragon Medical One,,['Speech Recognition'],[],sandbox_ready,freemium,"Android, Windows, iOS"
Talon,k2_1_strategic,Palantir Gotham,,['Criminal databases'],[],sandbox_ready,free,"Android, Windows, iOS"
bcWebCam,k2_1_strategic,Zebra DataWedge,,['Barcode Scanning'],[],sandbox_ready,freemium,Windows
ShiftCal,k2_1_strategic,FLICA,,['Scheduling software'],[],sandbox_ready,free,"Android, Windows, iOS"
ABC Roster,k2_1_strategic,Deputy,,"['Scheduling software', 'Workforce Management', 'HR Management']",[],sandbox_ready,free,Windows
Care2x,k2_1_strategic,NextGen Practice Management,,['Practice Management'],[],self_hostable,free,"Linux, Windows"
OpenHospital,k2_1_strategic,Greenway Intergy,,['Practice Management'],[],sandbox_ready,free,"Linux, Windows, macOS"
Organic Maps,k2_1_strategic,Apple Maps,,['Navigation'],[],sandbox_ready,free,"Android, Linux, iOS"
Visallo,k2_1_strategic,IBM i2 Analyst's Notebook,,"['Link analysis', 'Intelligence analysis']",[],self_hostable,freemium,"Linux, Windows"
Aronium,k2_1_strategic,QuickBooks Point of Sale,,['POS'],[],sandbox_ready,freemium,Windows
VueMinder,k2_1_strategic,Epic Haiku,,"['Scheduling software', 'Calendar', 'Calendar and scheduling']",[],sandbox_ready,freemium,Windows
WikiEM,k2_1_strategic,Sanford Guide,,['Medical Reference'],[],sandbox_ready,free,"Android, iOS"
OpenTrack,k2_1_strategic,YardMaster,,"['Logistics and Supply Chain', 'Logistics']",[],sandbox_ready,free,"Windows, macOS"
Juris-M,k2_1_strategic,Westlaw,,"['Legal Research', 'Bibliographic Management', 'Reference management']",[],sandbox_ready,free,"Linux, Windows, macOS"
UniTime,k2_1_strategic,Epic Hyperspace,,['Scheduling software'],[],self_hostable,free,"Linux, Windows, macOS"
Subsurface,k2_1_strategic,Samsara Driver,,['Electronic logbooks'],[],sandbox_ready,free,"Android, Linux, Windows, iOS, macOS"
Liverpool HEP iChart,k2_1_strategic,Micromedex Drug Reference,,['Drug Reference'],[],sandbox_ready,free,"Android, iOS"
Snipe-IT,k2_1_strategic,EZOfficeInventory,,['Asset Management'],[],self_hostable,freemium,"Linux, Web, Windows, macOS"
Windows Maps,k2_1_strategic,Google Maps,,['Navigation'],[],sandbox_ready,free,Windows
ClearCanvas,k2_1_strategic,Epic Radiant,,"['PACS', 'Medical Imaging', 'Radiology Information Systems']",[],sandbox_ready,freemium,Windows
QuizFaber,k2_1_strategic,Respondus 4.0,,"['Assessment', 'Test Creation', 'E-learning authoring tools']",[],sandbox_ready,free,"Linux, Windows"
Speech Assistant AAC,k2_1_strategic,Proloquo2Go,,['AAC'],[],sandbox_ready,freemium,"Android, iOS"
RosarioSIS,k2_1_strategic,Infinite Campus,,['Student information systems'],[],self_hostable,free,"Android, Linux, Web, Windows, macOS"
DRoster,k2_1_strategic,When I Work,,"['Scheduling software', 'Workforce Management', 'HR Management']",[],sandbox_ready,freemium,Windows
OpenETCS,k2_1_strategic,I-ETMS,,['Positive Train Control'],[],sandbox_ready,free,"Linux, Windows"
Jamovi,k2_1_strategic,GraphPad Prism,,['Data Analysis'],[],sandbox_ready,free,"Linux, Windows, macOS"
Microsoft SQL Server,k2_2_stem,,19013882001.4307,"['Spatial database software', 'Database System']","['Computer and Mathematical', 'Architecture and Engineering', 'Educational Instruction and Library', 'Production', 'Business and Financial Operations']",self_hostable,freemium,"Linux, Windows"
LibreOffice Writer,k2_2_stem,,18614080763.743603,['Word processing'],"['Computer and Mathematical', 'Healthcare Practitioners and Technical', 'Personal Care and Service', 'Business and Financial Operations', 'Arts, Design, Entertainment, Sports, and Media']",sandbox_ready,free,"Linux, Windows, macOS"
Azure DevOps Server,k2_2_stem,,16833982831.002668,"['Continuous Integration', 'DevOps', 'Requirements management software', 'Test Management', 'Issue Tracking']","['Computer and Mathematical', 'Architecture and Engineering']",self_hostable,freemium,"Web, Windows"
Oracle SQL Developer,k2_2_stem,,12716799866.844938,['Database Client'],"['Computer and Mathematical', 'Architecture and Engineering', 'Production', 'Business and Financial Operations', 'Protective Service']",sandbox_ready,free,"Linux, Windows, macOS"
Splunk Enterprise,k2_2_stem,,9434378042.392387,"['Security Information Management', 'SIEM']","['Computer and Mathematical', 'Business and Financial Operations']",self_hostable,freemium,"Linux, Windows, macOS"
Ubuntu,k2_2_stem,,7821204992.062648,['Operating Systems'],"['Computer and Mathematical', 'Architecture and Engineering', 'Installation, Maintenance, and Repair', 'Life, Physical, and Social Science']",sandbox_ready,free,Linux
Jenkins,k2_2_stem,GitLab,6098452197.738607,"['DevOps', 'Continuous Integration']",['Computer and Mathematical'],self_hostable,free,"Linux, Windows, macOS"
Diagrams.net Desktop,k2_2_stem,Lucidchart,5008637273.816999,['Diagramming'],"['Computer and Mathematical', 'Business and Financial Operations', 'Architecture and Engineering']",sandbox_ready,free,"Linux, Windows, macOS"
openLCA,k2_2_stem,SimaPro,4982596822.079925,"['LCA', 'Carbon Accounting', 'Life Cycle Assessment', 'Sustainability Management']","['Business and Financial Operations', 'Life, Physical, and Social Science']",sandbox_ready,free,"Linux, Windows, macOS"
ManageEngine OpManager,k2_2_stem,SolarWinds Network Performance Monitor,4850858478.938461,"['Network Diagnostics', 'Performance Management', 'Monitoring', 'Network Analysis']","['Computer and Mathematical', 'Management', 'Arts, Design, Entertainment, Sports, and Media', 'Installation, Maintenance, and Repair']",self_hostable,freemium,"Linux, Windows"
System Advisor Model,k2_2_stem,PVsyst,4840034155.539397,"['Solar Design', 'Solar design and simulation', 'Energy Analysis', 'Energy management']","['Business and Financial Operations', 'Architecture and Engineering', 'Construction and Extraction', 'Sales and Related']",sandbox_ready,free,"Linux, Windows, macOS"
RStudio,k2_2_stem,,4792834213.90765,"['Mathematical computing', 'Scientific Computing', 'Math & Analysis', 'Coding Tools', 'Subject-Specific Software']","['Computer and Mathematical', 'Architecture and Engineering', 'Educational Instruction and Library', 'Business and Financial Operations', 'Life, Physical, and Social Science']",sandbox_ready,freemium,"Linux, Windows, macOS"
Rancher,k2_2_stem,Kubernetes,4539511013.861041,"['DevOps', 'Cloud Platform']",['Computer and Mathematical'],self_hostable,free,Linux
Fiji,k2_2_stem,,3931775927.498451,"['Scientific Computing', 'Scientific Imaging', 'Microscope Imaging', 'Math & Analysis', 'Data Analysis']","['Architecture and Engineering', 'Life, Physical, and Social Science']",sandbox_ready,free,"Linux, Windows, macOS"
OpenClinica,k2_2_stem,REDCap,3725545651.853924,"['Clinical Research Management Systems', 'Electronic data capture']","['Computer and Mathematical', 'Management', 'Life, Physical, and Social Science']",self_hostable,freemium,"Linux, Web, Windows"
eQUEST,k2_2_stem,,3671226778.622838,"['Energy audit', 'Energy Simulation', 'Energy Analysis', 'Energy management', 'Load Calculation']","['Business and Financial Operations', 'Architecture and Engineering', 'Construction and Extraction', 'Management']",sandbox_ready,free,Windows
HEC-RAS,k2_2_stem,,3646244813.370538,"['Environmental Management', 'Hydrology & Hydraulics', 'Hydrologic Modeling', 'Scientific simulation', 'Simulation and Modeling']","['Educational Instruction and Library', 'Architecture and Engineering', 'Management', 'Life, Physical, and Social Science']",sandbox_ready,free,Windows
PuTTY,k2_2_stem,,3565945502.298545,['Terminal emulators'],"['Computer and Mathematical', 'Installation, Maintenance, and Repair']",sandbox_ready,free,"Linux, Windows"
YouTrack,k2_2_stem,Jira,3450013884.949782,"['Project management', 'Issue Tracking']",['Computer and Mathematical'],self_hostable,freemium,"Linux, Web, Windows, macOS"
Windows Admin Center,k2_2_stem,PowerShell,2037875111.5735464,['Operating system administration'],['Computer and Mathematical'],sandbox_ready,free,"Web, Windows"
HEC-HMS,k2_2_stem,MODFLOW,1652677662.0719335,"['Hydrology & Hydraulics', 'Hydrologic Modeling', 'Environmental Management']","['Architecture and Engineering', 'Management', 'Life, Physical, and Social Science']",sandbox_ready,free,"Linux, Windows, macOS"
KNIME Analytics Platform,k2_2_stem,SAS,1347103379.1591733,"['ETL and Data Integration', 'Data Analysis', 'Data mining', 'ETL']","['Business and Financial Operations', 'Architecture and Engineering', 'Computer and Mathematical']",sandbox_ready,free,"Linux, Windows, macOS"
Athena Impact Estimator for Buildings,k2_2_stem,EnergyPlus,1328692485.88798,"['LCA', 'Carbon Accounting', 'Life Cycle Assessment']","['Business and Financial Operations', 'Life, Physical, and Social Science']",sandbox_ready,free,Windows
IBM ILOG CPLEX Optimization Studio,k2_2_stem,Gurobi Optimizer,1317564353.962126,"['Mathematical computing', 'Mathematical modeling and optimization']","['Computer and Mathematical', 'Life, Physical, and Social Science']",sandbox_ready,freemium,"Linux, Windows, macOS"
Oracle SQL Developer Data Modeler,k2_2_stem,erwin Data Modeler,1256305671.5940185,['Data Modeling Tools'],['Computer and Mathematical'],sandbox_ready,free,"Linux, Windows, macOS"
Appium,k2_2_stem,Selenium,1081791271.1129198,"['Automated Testing', 'Testing and QA']",['Computer and Mathematical'],sandbox_ready,free,"Linux, Windows, macOS"
Virtualmin,k2_2_stem,cPanel & WHM,847375389.254061,"['Operating system administration', 'Web server management software']",['Computer and Mathematical'],self_hostable,freemium,Linux
KiCad,k2_2_stem,Allegro PCB Designer,836534387.1521243,"['Electronic Design', 'EDA', 'CAD']","['Architecture and Engineering', 'Installation, Maintenance, and Repair']",sandbox_ready,free,"Linux, Windows, macOS"
CoppeliaSim,k2_2_stem,MATLAB & Simulink,823075228.5943964,"['Simulation software', 'Robotics Programming']",['Architecture and Engineering'],sandbox_ready,freemium,"Linux, Windows, macOS"
PyMOL,k2_2_stem,,817961365.8122302,"['Scientific Computing', 'Subject-Specific Software', 'Data visualization', 'Scientific Graphics', 'Molecular modeling software']","['Computer and Mathematical', 'Educational Instruction and Library', 'Life, Physical, and Social Science']",sandbox_ready,freemium,"Linux, Windows, macOS"
Pentaho Data Integration,k2_2_stem,SQL Server Integration Services,788291531.9003388,"['ETL and Data Integration', 'ETL']",['Computer and Mathematical'],sandbox_ready,freemium,"Linux, Windows, macOS"
FreeIPA,k2_2_stem,Active Directory Domain Services,673109700.4502907,"['Information Security', 'Security Management', 'Identity and Access Management', 'Directory Services']",['Computer and Mathematical'],self_hostable,free,Linux
Micro-Manager,k2_2_stem,Gatan Microscopy Suite,658487163.2465763,"['Equipment control software', 'Lab Equipment Control', 'Scientific Imaging', 'Microscope Imaging', 'Camera control']","['Architecture and Engineering', 'Life, Physical, and Social Science']",sandbox_ready,free,"Linux, Windows, macOS"
PDF-XChange Editor,k2_2_stem,Bluebeam Revu,551615076.5105971,"['PDF readers', 'PDF Editors', 'PDF Management', 'OCR software']","['Architecture and Engineering', 'Business and Financial Operations', 'Arts, Design, Entertainment, Sports, and Media', 'Office and Administrative Support', 'Legal']",sandbox_ready,freemium,Windows
SNAP,k2_2_stem,ENVI,543436912.3740405,"['Remote Sensing', 'Scripting', 'Image Analysis']","['Computer and Mathematical', 'Educational Instruction and Library', 'Architecture and Engineering', 'Life, Physical, and Social Science']",sandbox_ready,free,"Linux, Windows, macOS"
Digilent WaveForms,k2_2_stem,Keysight BenchVue,464375218.6037782,['Data acquisition software'],['Architecture and Engineering'],sandbox_ready,free,"Linux, Windows, macOS"
TeX Live,k2_2_stem,,404648977.6551052,"['Typesetting', 'Document Preparation']","['Computer and Mathematical', 'Educational Instruction and Library', 'Life, Physical, and Social Science']",sandbox_ready,free,"Linux, Windows, macOS"
GNU Octave,k2_2_stem,MATLAB,300977830.48928666,"['Mathematical computing', 'Scientific Computing', 'Programming Languages', 'Math & Analysis', 'Mathematics']","['Computer and Mathematical', 'Architecture and Engineering', 'Educational Instruction and Library', 'Life, Physical, and Social Science']",sandbox_ready,free,"Linux, Windows, macOS"
Fluke SmartView,k2_2_stem,FLIR Thermal Studio,241390906.3921127,"['Thermal Analysis', 'Building Diagnostics']",['Construction and Extraction'],sandbox_ready,free,Windows
Open-LIMS,k2_2_stem,JusticeTrax LIMS-plus,239278573.4954353,['LIMS'],"['Production', 'Management', 'Life, Physical, and Social Science']",self_hostable,free,"Linux, Web, Windows"
BIMvision,k2_2_stem,Graphisoft Archicad,234058868.78846315,"['CAD viewers', 'BIM']","['Architecture and Engineering', 'Construction and Extraction', 'Installation, Maintenance, and Repair']",sandbox_ready,freemium,Windows
JaamSim,k2_2_stem,FlexSim,227500122.6286635,"['Business Simulation', 'Simulation software']",['Architecture and Engineering'],sandbox_ready,free,"Linux, Windows, macOS"
PsychoPy,k2_2_stem,Q-Local,218671544.8047568,"['Psychological Experiment', 'Assessment']","['Educational Instruction and Library', 'Life, Physical, and Social Science']",sandbox_ready,free,"Linux, Windows, macOS"
Podman Desktop,k2_2_stem,Docker,216332943.1693139,"['Containerization software', 'Virtualization & Containers']",['Computer and Mathematical'],sandbox_ready,free,"Linux, Windows, macOS"
Angry IP Scanner,k2_2_stem,Nmap,179716177.93601838,"['Network Diagnostics', 'Network Security Testing', 'Network Analysis', 'Diagnostic and Testing']","['Computer and Mathematical', 'Installation, Maintenance, and Repair']",sandbox_ready,free,"Linux, Windows, macOS"
EasyBuilder Pro,k2_2_stem,LabVIEW,177897944.88652807,"['Equipment Control Interfaces', 'HMI software', 'Industrial control software', 'Production Operations']","['Production', 'Transportation and Material Moving']",sandbox_ready,free,Windows
UGENE,k2_2_stem,NCBI BLAST+,132078214.97633845,['Bioinformatics'],"['Life, Physical, and Social Science']",sandbox_ready,free,"Linux, Windows, macOS"
SeedDMS,k2_2_stem,Autodesk Docs,126501040.25292993,['Information Management'],['Computer and Mathematical'],self_hostable,free,"Linux, Web"
SageMath,k2_2_stem,Wolfram Mathematica,119895993.37928928,"['Mathematical computing', 'Scientific Computing', 'Math & Analysis', 'Symbolic mathematics', 'Mathematics']","['Computer and Mathematical', 'Educational Instruction and Library', 'Life, Physical, and Social Science']",sandbox_ready,free,"Linux, Windows, macOS"
Orfeo ToolBox,k2_2_stem,ERDAS IMAGINE,108687382.4748081,"['Remote Sensing', 'Scripting', 'Image Analysis', 'Image Processing']","['Educational Instruction and Library', 'Architecture and Engineering', 'Life, Physical, and Social Science']",sandbox_ready,free,"Linux, Windows, macOS"
O3DE,k2_2_stem,Unreal Engine,97459365.38974272,['Game Engines'],['Computer and Mathematical'],sandbox_ready,free,"Linux, Windows"
Tier2 Submit,k2_2_stem,VelocityEHS,93275069.86918798,['Compliance'],"['Architecture and Engineering', 'Construction and Extraction', 'Life, Physical, and Social Science']",sandbox_ready,free,"Windows, macOS"
GMAT,k2_2_stem,Geant4,92139767.89450388,['Scientific simulation'],"['Life, Physical, and Social Science']",sandbox_ready,free,"Linux, Windows, macOS"
Micro-Cap,k2_2_stem,PSpice,84980099.00759315,"['Electronic Design', 'EDA', 'Circuit Simulation']",['Architecture and Engineering'],sandbox_ready,free,Windows
Scilab,k2_2_stem,Stata,82307522.85943963,"['Mathematical computing', 'Scientific Computing', 'Programming Languages', 'Math & Analysis', 'Mathematics']","['Educational Instruction and Library', 'Architecture and Engineering', 'Life, Physical, and Social Science']",sandbox_ready,free,"Linux, Windows, macOS"
ParaView,k2_2_stem,Trimble Business Center,76138284.44620053,"['Data Analysis', 'Scientific Computing', 'Data visualization', 'Scientific Graphics']","['Life, Physical, and Social Science']",sandbox_ready,free,"Linux, Windows, macOS"
WinBUGS,k2_2_stem,Stan,74930127.18547004,"['Data Analysis', 'Statistical', 'Statistical Analysis']","['Computer and Mathematical', 'Educational Instruction and Library', 'Life, Physical, and Social Science']",sandbox_ready,free,Windows
Bika LIMS,k2_2_stem,Hach WIMS,70146730.25078242,"['Laboratory Information Management Systems', 'Laboratory Equipment Software', 'LIMS']","['Production', 'Life, Physical, and Social Science']",self_hostable,free,"Linux, Web"
Senaite,k2_2_stem,LabWare LIMS,64091928.81688913,"['Laboratory Information Management Systems', 'Laboratory Equipment Software', 'LIMS']","['Production', 'Life, Physical, and Social Science']",self_hostable,free,"Linux, Web"
PEBL,k2_2_stem,Q-interactive,62477584.229930505,"['Psychological Experiment', 'Assessment']",['Educational Instruction and Library'],sandbox_ready,free,"Linux, Windows, macOS"
Wondershare PDFelement,k2_2_stem,Adobe Acrobat Pro,58824496.18412428,"['PDF readers', 'PDF Editors', 'PDF Management', 'OCR software']","['Office and Administrative Support', 'Arts, Design, Entertainment, Sports, and Media', 'Legal']",sandbox_ready,freemium,"Android, Windows, iOS, macOS"
FVS,k2_2_stem,,56565907.38832361,['Scientific simulation'],"['Life, Physical, and Social Science']",sandbox_ready,free,Windows
OpendTect,k2_2_stem,Petrel E&P Software Platform,47322352.97263387,['Seismic interpretation'],"['Life, Physical, and Social Science']",sandbox_ready,freemium,"Linux, Windows, macOS"
Pentaho Business Analytics,k2_2_stem,Alteryx Designer,30377379.11554561,['Business Intelligence'],['Business and Financial Operations'],self_hostable,freemium,"Linux, Windows, macOS"
QField,k2_2_stem,Trimble Access,25073184.275001604,"['GPS receiver software', 'GIS', 'Mobile Data Collection', 'Data Entry']","['Building and Grounds Cleaning and Maintenance', 'Farming, Fishing, and Forestry', 'Installation, Maintenance, and Repair']",sandbox_ready,free,"Android, Linux, Windows, iOS"
Mergin Maps,k2_2_stem,ArcGIS Field Maps,16825634.606394626,"['GPS receiver software', 'GIS', 'Mobile Data Collection']","['Farming, Fishing, and Forestry', 'Installation, Maintenance, and Repair']",self_hostable,freemium,"Android, Windows, iOS"
OpenChrom,k2_2_stem,Chromeleon,15070266.04409738,['Chromatography and Spectroscopy'],"['Life, Physical, and Social Science']",sandbox_ready,freemium,"Linux, Windows, macOS"
Unipro UGENE,k2_2_stem,GATK,12714999.125787672,['Bioinformatics'],"['Life, Physical, and Social Science']",sandbox_ready,free,"Linux, Windows, macOS"
Orange,k2_2_stem,JMP,7744702.941925379,"['Data Analysis', 'Data visualization']",['Computer and Mathematical'],sandbox_ready,free,"Linux, Windows, macOS"
OrientDB,k2_2_stem,InterSystems IRIS,4361651.786925749,"['Spatial database software', 'Database System', 'Cloud database services']",['Computer and Mathematical'],self_hostable,freemium,"Linux, Windows, macOS"
BlueSky Statistics,k2_2_stem,SAS/STAT,3485116.3238664,"['Statistical', 'Statistical Analysis']",['Computer and Mathematical'],sandbox_ready,freemium,"Windows, macOS"
gvSIG Desktop,k2_2_stem,ArcMap,1901497.3809114844,"['GIS', 'Map creation']",['Architecture and Engineering'],sandbox_ready,free,"Linux, Windows, macOS"
Tatool,k2_2_stem,BRIEF-2 Software Portfolio,,"['Psychological Experiment', 'Assessment']",[],sandbox_ready,free,"Linux, Web, Windows, macOS"
Ogama,k2_2_stem,Tobii Pro Lab,,"['Usability Testing', 'Eye Tracking']",[],sandbox_ready,free,Windows
OpenSCAD,k2_2_stem,Autodesk Inventor,,"['CAD', 'CAD/CAM', 'Computer Aided Design (CAD)']",[],sandbox_ready,free,"Linux, Windows, macOS"
GazeSpeaker,k2_2_stem,Empower,,['AAC'],[],sandbox_ready,free,Windows
ROOT,k2_2_stem,MAXQDA,,"['Data visualization', 'Scientific Computing', 'Data Analysis']",[],sandbox_ready,free,"Linux, Windows, macOS"
Salome-Meca,k2_2_stem,OpenFOAM,,['CAE & Simulation'],[],sandbox_ready,free,"Linux, Windows"
CAMEO Data Manager,k2_2_stem,MasterControl Quality Excellence,,['Compliance'],[],sandbox_ready,free,"Windows, macOS"
LabPlot,k2_2_stem,EViews,,"['Data visualization', 'Data Analysis', 'Scientific Graphics']",[],sandbox_ready,free,"Android, Linux, Windows, macOS"
Zorin OS,k2_2_stem,Microsoft Windows 11,,['Operating Systems'],[],sandbox_ready,freemium,Linux
TopoCal,k2_2_stem,Autodesk Civil 3D,,['Surveying'],[],sandbox_ready,freemium,Windows
Spinnaker,k2_2_stem,Synchro,,['Signal control'],[],self_hostable,free,Windows
BRL-CAD,k2_2_stem,MicroStation,,"['CAD', 'Computer Aided Design (CAD)']",[],sandbox_ready,free,"Linux, Windows, macOS"
SUGAR,k2_2_stem,Simulink,,['Engineering Simulation'],[],sandbox_ready,free,"Linux, Windows, macOS"
Sweet Home 3D,k2_2_stem,SketchUp,,['CAD'],[],sandbox_ready,free,"Android, Linux, Windows, iOS, macOS"
ML.NET,k2_2_stem,PyTorch,,['Machine learning frameworks'],[],sandbox_ready,free,"Linux, Windows, macOS"
jMetrik,k2_2_stem,MMPI-2-RF Scoring Software,,['Assessment'],[],sandbox_ready,free,"Linux, Windows, macOS"
Graphite,k2_2_stem,Mastercam,,"['CAD', 'Vector Graphics']",[],self_hostable,free,"Windows, macOS"
Open Ephys GUI,k2_2_stem,SoftMax Pro,,['Data acquisition software'],[],sandbox_ready,free,"Linux, Windows, macOS"
Elmer,k2_2_stem,COMSOL Multiphysics,,"['Finite Element Analysis', 'Multiphysics simulation', 'CAE & Simulation', 'Engineering Simulation', 'Scientific simulation']",[],sandbox_ready,free,"Linux, Windows, macOS"
FreeMat,k2_2_stem,NVivo,,"['Mathematics', 'Data Analysis']",[],sandbox_ready,free,"Linux, Windows, macOS"
CPLEX,k2_2_stem,GAMS,,['Mathematical computing'],[],sandbox_ready,freemium,"Linux, Windows, macOS"
BlenderBIM,k2_2_stem,Autodesk Revit,,['BIM'],[],sandbox_ready,free,"Linux, Windows, macOS"
WinLens3D,k2_2_stem,Ansys Zemax OpticStudio,,['Optical Design'],[],sandbox_ready,freemium,Windows
Argo Workflows,k2_2_stem,Slurm Workload Manager,,['Job scheduling'],[],self_hostable,free,Linux
QCAD,k2_2_stem,CATIA,,"['CAD', 'CAD/CAM', 'Computer Aided Design (CAD)']",[],sandbox_ready,freemium,"Linux, Windows, macOS"
Android Studio,k3_diversity,,12772676107.709684,['Coding Tools'],"['Computer and Mathematical', 'Architecture and Engineering', 'Educational Instruction and Library']",sandbox_ready,free,"Linux, Windows, macOS"
WordPress,k3_diversity,,12616116671.639618,"['CMS', 'Web Creation', 'Content Management']","['Computer and Mathematical', 'Educational Instruction and Library', 'Business and Financial Operations', 'Arts, Design, Entertainment, Sports, and Media', 'Management']",self_hostable,free,"Linux, Web, Windows, macOS"
Oracle Database,k3_diversity,,12335346379.37203,['Database System'],"['Computer and Mathematical', 'Architecture and Engineering', 'Educational Instruction and Library', 'Business and Financial Operations', 'Farming, Fishing, and Forestry']",self_hostable,freemium,"Linux, Unix, Windows"
Apache OpenOffice Writer,k3_diversity,Corel WordPerfect,6001445046.262538,['Word processing'],"['Computer and Mathematical', 'Healthcare Practitioners and Technical', 'Personal Care and Service', 'Business and Financial Operations', 'Arts, Design, Entertainment, Sports, and Media']",sandbox_ready,free,"Linux, Windows, macOS"
NextGen Connect Integration Engine,k3_diversity,,5157871461.160346,['Interface engines'],['Computer and Mathematical'],self_hostable,free,"Linux, Windows, macOS"
Centroid CNC12,k3_diversity,,4092579528.921453,"['Equipment control software', 'CNC', 'Machine control']",['Production'],sandbox_ready,freemium,Windows
ActivInspire,k3_diversity,SMART Notebook,3999965764.557374,"['Presentation', 'Digital whiteboard']","['Business and Financial Operations', 'Educational Instruction and Library']",sandbox_ready,freemium,"Linux, Windows, macOS"
OBS Studio,k3_diversity,vMix,2915008415.020487,"['Screen capture software', 'Broadcasting', 'Video switching']","['Computer and Mathematical', 'Arts, Design, Entertainment, Sports, and Media']",sandbox_ready,free,"Linux, Windows, macOS"
3D Slicer,k3_diversity,,2902136989.3325386,"['Scientific Computing', 'Virtual surgical planning', 'Scientific Imaging', 'Image Analysis', 'Data visualization']","['Educational Instruction and Library', 'Architecture and Engineering', 'Healthcare Practitioners and Technical', 'Life, Physical, and Social Science']",sandbox_ready,free,"Linux, Windows, macOS"
ImageJ,k3_diversity,,2850091440.936148,"['Scientific Computing', 'Photo and Video Editing', 'Scientific Imaging', 'Microscope Imaging', 'Math & Analysis']","['Architecture and Engineering', 'Healthcare Practitioners and Technical', 'Life, Physical, and Social Science']",sandbox_ready,free,"Linux, Windows, macOS"
LinuxCNC,k3_diversity,Mach3,2830338192.640044,"['Equipment control software', 'Industrial control software', 'Machine control', 'CAM and CNC control', 'CNC']",['Production'],sandbox_ready,free,Linux
SWMM,k3_diversity,,2716659816.0586805,"['Hydrology & Hydraulics', 'Scientific simulation', 'Environmental Management', 'Simulation and Modeling']","['Educational Instruction and Library', 'Architecture and Engineering', 'Life, Physical, and Social Science']",sandbox_ready,free,"Linux, Windows"
Vicidial,k3_diversity,Genesys Cloud CX,2080801850.07226,['Telephony'],['Office and Administrative Support'],self_hostable,free,Linux
XMind,k3_diversity,MindManager,1781919234.3962858,['Diagramming'],"['Business and Financial Operations', 'Computer and Mathematical']",sandbox_ready,freemium,"Android, Linux, Windows, iOS, macOS"
ClinicCases,k3_diversity,,1443616958.279302,['Case Management'],"['Community and Social Service', 'Management']",self_hostable,free,"Linux, Web"
GRASS GIS,k3_diversity,AutoCAD Map 3D,1183867423.3372142,"['Remote Sensing', 'Scripting', 'GIS', 'Map creation']","['Computer and Mathematical', 'Architecture and Engineering', 'Educational Instruction and Library', 'Management', 'Life, Physical, and Social Science']",sandbox_ready,free,"Linux, Windows, macOS"
Apache OFBiz,k3_diversity,TouchBistro,897930560.1803099,"['ERP', 'Order Management', 'Procurement software', 'E-commerce platforms', 'Order entry software']","['Production', 'Business and Financial Operations', 'Transportation and Material Moving', 'Management', 'Office and Administrative Support']",self_hostable,free,"Linux, Windows, macOS"
Activity Browser,k3_diversity,GaBi,885794990.5919867,"['LCA', 'Carbon Accounting', 'Life Cycle Assessment', 'Sustainability Management']","['Business and Financial Operations', 'Life, Physical, and Social Science']",sandbox_ready,free,"Linux, Windows, macOS"
ReqView,k3_diversity,IBM Engineering Requirements Management DOORS Family,749996615.5258665,['Requirements management software'],['Computer and Mathematical'],sandbox_ready,freemium,"Linux, Windows, macOS"
Booked Scheduler,k3_diversity,ServiceTitan,652120011.3396645,"['Scheduling software', 'Appointment scheduling', 'Reservation systems']",['Personal Care and Service'],self_hostable,freemium,"Linux, Windows"
Openbravo POS,k3_diversity,SpotOn,638311930.147971,['POS'],['Sales and Related'],self_hostable,free,"Linux, Windows, macOS"
ABC Inventory,k3_diversity,NetSuite,600955666.4397818,"['Inventory and Logistics', 'Inventory Management']","['Production', 'Sales and Related', 'Building and Grounds Cleaning and Maintenance', 'Transportation and Material Moving', 'Food Preparation and Serving Related']",sandbox_ready,free,Windows
OMNeT++,k3_diversity,Arena,474174769.8092401,"['Simulation software', 'Network Simulation']",['Computer and Mathematical'],sandbox_ready,freemium,"Linux, Windows, macOS"
Autodesk Design Review,k3_diversity,,463709619.19877994,"['CAD viewers', 'Plan Review']","['Production', 'Construction and Extraction', 'Installation, Maintenance, and Repair']",sandbox_ready,free,Windows
OroCRM,k3_diversity,Infor CRM,458303207.1848768,['CRM'],"['Office and Administrative Support', 'Sales and Related']",self_hostable,freemium,"Linux, Web, Windows"
Sentrifugo,k3_diversity,ADP Workforce Now,449677687.8581818,"['HR and Payroll', 'HR Management']","['Office and Administrative Support', 'Management']",self_hostable,free,"Linux, Web, Windows"
ISPConfig,k3_diversity,Plesk,423687694.6270305,"['Operating system administration', 'Web server management software']",['Computer and Mathematical'],self_hostable,free,Linux
ModelRisk,k3_diversity,Oracle Hyperion Planning,398373408.4672955,"['Risk Management', 'Business Simulation', 'Financial analysis software']",['Business and Financial Operations'],sandbox_ready,freemium,Windows
Express Scribe,k3_diversity,,395041356.5934751,['Transcription'],"['Healthcare Support', 'Office and Administrative Support']",sandbox_ready,freemium,"Windows, macOS"
Collabora Office,k3_diversity,Google Workspace,359183377.27761346,"['Office Productivity', 'Spreadsheet']","['Computer and Mathematical', 'Business and Financial Operations', 'Management']",sandbox_ready,freemium,"Android, Linux, Windows, iOS, macOS"
DAQami,k3_diversity,VeriStand,328671121.24124855,"['Data acquisition software', 'Data logging software']","['Production', 'Architecture and Engineering', 'Installation, Maintenance, and Repair']",sandbox_ready,free,Windows
Connected Components Workbench,k3_diversity,Studio 5000,328576031.2786401,"['PLC Software', 'Industrial control software', 'PLC Programming Software']","['Production', 'Architecture and Engineering', 'Transportation and Material Moving', 'Installation, Maintenance, and Repair', 'Construction and Extraction']",sandbox_ready,freemium,Windows
SingleStore,k3_diversity,PostgreSQL,327123884.0194316,"['Data warehousing', 'Cloud database services']",['Computer and Mathematical'],self_hostable,freemium,Linux
InVesalius,k3_diversity,Romexis,253258532.5296212,"['Scientific Imaging', 'Image Analysis', 'Image Processing', 'Medical imaging', 'Medical Imaging']",['Healthcare Practitioners and Technical'],sandbox_ready,free,"Linux, Windows, macOS"
Paperless-ngx,k3_diversity,DocuWare,253002080.50585985,['Information Management'],['Computer and Mathematical'],self_hostable,free,"Linux, Web, Windows, macOS"
GnuCash,k3_diversity,Movie Magic Budgeting,246386422.4233396,"['Portfolio management software', 'Invoicing', 'Budgeting', 'Payroll and accounting', 'Accounting']","['Production', 'Personal Care and Service', 'Business and Financial Operations', 'Arts, Design, Entertainment, Sports, and Media', 'Farming, Fishing, and Forestry']",sandbox_ready,free,"Linux, Windows, macOS"
Delft3D,k3_diversity,CESM,226604078.44426975,"['Hydrology & Hydraulics', 'Hydrologic Modeling', 'Environmental Management', 'Scientific simulation']","['Life, Physical, and Social Science']",sandbox_ready,free,"Linux, Windows"
Tryton,k3_diversity,SAP Business One,221332549.90155524,"['ERP', 'Order Management', 'Inventory and Logistics', 'Procurement software', 'Accounting']","['Production', 'Business and Financial Operations', 'Transportation and Material Moving', 'Management', 'Office and Administrative Support']",self_hostable,free,"Linux, Windows, macOS"
MapFactor Navigator,k3_diversity,Badger Maps,207424826.75524917,['Navigation'],"['Office and Administrative Support', 'Construction and Extraction', 'Transportation and Material Moving']",sandbox_ready,freemium,"Android, Windows, iOS"
Lumi,k3_diversity,Adobe Captivate,193874831.23236203,['E-learning authoring tools'],['Business and Financial Operations'],sandbox_ready,free,"Linux, Windows, macOS"
GanttProject,k3_diversity,Microsoft Project,189424992.1687877,"['Scheduling software', 'Project management']",['Management'],sandbox_ready,free,"Linux, Windows, macOS"
12Pay,k3_diversity,QuickBooks Desktop Payroll,168589077.697507,"['HR and Payroll', 'Payroll software']","['Building and Grounds Cleaning and Maintenance', 'Office and Administrative Support']",sandbox_ready,freemium,Windows
myWMS,k3_diversity,SAP Extended Warehouse Management,144955431.34442028,['Warehouse management systems'],"['Transportation and Material Moving', 'Management']",self_hostable,free,"Linux, Windows"
openMAINT,k3_diversity,IBM Maximo Asset Management,130344568.41573437,"['Facility Management', 'Maintenance logs', 'CMMS', 'Work Order Management', 'Maintenance Management']","['Installation, Maintenance, and Repair']",self_hostable,free,"Linux, Web, Windows"
CalemEAM,k3_diversity,Equipment360,130344568.41573437,"['CMMS', 'Maintenance Management', 'Facility Management']","['Installation, Maintenance, and Repair']",self_hostable,freemium,"Android, Linux, Web, Windows, iOS"
Kimios,k3_diversity,M-Files,126501040.25292993,['Information Management'],['Computer and Mathematical'],self_hostable,free,"Linux, Windows"
OpenDocMan,k3_diversity,NetDocuments,126501040.25292993,['Information Management'],['Computer and Mathematical'],self_hostable,free,"Linux, Web"
Ginkgo CADx,k3_diversity,Horos,122662890.44504368,"['Medical imaging', 'Medical Imaging', 'Image Processing']",['Healthcare Practitioners and Technical'],sandbox_ready,free,"Linux, Windows, macOS"
IceHrm,k3_diversity,UKG Ready,113032851.65553874,"['HR and Payroll', 'HR Management']",['Management'],self_hostable,freemium,"Linux, Windows, macOS"
CAMEO Chemicals,k3_diversity,Cority,112929763.0835182,['EHS Management'],"['Life, Physical, and Social Science', 'Installation, Maintenance, and Repair']",sandbox_ready,free,"Android, Web, Windows, iOS, macOS"
Gxsm,k3_diversity,PC-DMIS,107934697.77453606,"['Instrument Control', 'Microscope Control']",['Architecture and Engineering'],sandbox_ready,free,Linux
Adminsoft Accounts,k3_diversity,FreshBooks,82177122.30560769,"['Invoicing and billing software', 'Accounting']","['Business and Financial Operations', 'Management']",sandbox_ready,freemium,Windows
Aronium POS,k3_diversity,Toast Point of Sale,80193985.7392852,['POS'],['Sales and Related'],sandbox_ready,freemium,Windows
StudioTax,k3_diversity,CCH ProSystem fx Tax,72274229.25596072,['Tax preparation'],['Business and Financial Operations'],sandbox_ready,freemium,"Android, Windows, iOS, macOS"
GEMIS,k3_diversity,Brightway2,67536901.81084138,"['LCA', 'Carbon Accounting', 'Life Cycle Assessment', 'Sustainability Management']","['Life, Physical, and Social Science']",sandbox_ready,free,Windows
HOT2000,k3_diversity,REM/Rate,56324544.8248263,"['Energy audit', 'Energy Simulation', 'Energy Analysis', 'Load Calculation']",['Construction and Extraction'],sandbox_ready,free,Windows
Timesheet - Work Time Tracker,k3_diversity,ExakTime,45265401.44328179,['Time Tracking'],['Protective Service'],sandbox_ready,freemium,Android
AgOpenGPS,k3_diversity,Case IH AFS Connect,13455114.29754063,"['Equipment control software', 'Precision agriculture software']","['Life, Physical, and Social Science']",sandbox_ready,free,Windows
Reliance SCADA,k3_diversity,InTouch,11954424.24833118,"['HMI software', 'SCADA', 'Industrial control software', 'Industrial Control Systems']",['Production'],sandbox_ready,freemium,Windows
IGSS,k3_diversity,SIMATIC WinCC,11954424.24833118,"['HMI software', 'SCADA']",['Production'],sandbox_ready,freemium,Windows
Manager.io,k3_diversity,Cin7 Omni,4100613.759462879,['Inventory Management'],['Office and Administrative Support'],sandbox_ready,freemium,"Linux, Windows, macOS"
farmOS Field Kit,k3_diversity,John Deere Operations Center Mobile,2380166.621523123,"['Animal management', 'Farm management software']",['Educational Instruction and Library'],self_hostable,free,"Android, iOS"
Nextcloud,k3_diversity,Procore,1935100.3666844312,"['Communication & Collaboration', 'Cloud storage']","['Arts, Design, Entertainment, Sports, and Media']",self_hostable,free,"Android, Linux, Windows, iOS, macOS"
FairEmail,k3_diversity,Proton Mail,3309.1409910722655,['Email software'],['Production'],sandbox_ready,freemium,Android
MobiPDF,k3_diversity,Adobe Acrobat,,['PDF Management'],[],sandbox_ready,freemium,"Android, Windows, iOS"
Mecway,k3_diversity,STAAD.Pro,,"['Finite Element Analysis', 'FEA']",[],sandbox_ready,freemium,Windows
CiviCase,k3_diversity,ProLaw,,['Case Management'],[],self_hostable,free,"Linux, Web, Windows, macOS"
uniCenta,k3_diversity,Revel Systems,,['Order entry software'],[],sandbox_ready,freemium,"Linux, Windows, macOS"
Ralph,k3_diversity,ToolWatch,,['Asset Management'],[],self_hostable,free,"Linux, Web"
Rohos Face Logon,k3_diversity,NEC NeoFace Watch,,['Facial recognition'],[],sandbox_ready,freemium,Windows
Draft it,k3_diversity,Siemens NX,,['CAD'],[],sandbox_ready,freemium,Windows
Odoo HR,k3_diversity,Workday,,['HR and Payroll'],[],self_hostable,free,"Android, Linux, Windows, iOS"
Meeting Room Booking System,k3_diversity,Jobber,,['Scheduling software'],[],self_hostable,free,"Linux, Windows"
Gibbon,k3_diversity,Ellucian Banner,,['Student information systems'],[],self_hostable,free,"Linux, Web, Windows"
Avare,k3_diversity,Boeing Onboard Performance Tool,,"['Aviation Navigation', 'Flight Management', 'Electronic Flight Bag']",[],sandbox_ready,free,Android
Delta Chat,k3_diversity,Messages,,"['Communication & Collaboration', 'Instant Messaging']",[],sandbox_ready,free,"Android, Linux, Windows, iOS, macOS"
Cal.com,k3_diversity,Vagaro,,['Appointment scheduling'],[],self_hostable,freemium,"Linux, Web"
AndroidAPS,k3_diversity,Glooko Uploader,,['Medical device interfaces'],[],sandbox_ready,free,Android
Mozdeh,k3_diversity,Meltwater,,['Audience analytics'],[],sandbox_ready,free,Windows
Mastodon,k3_diversity,Facebook,,['Social media platforms'],[],self_hostable,free,"Android, Web, iOS"
MapTiler Mobile,k3_diversity,Avenza Maps,,['GIS Viewers'],[],sandbox_ready,free,"Android, iOS"
Opigno LMS,k3_diversity,Workday Learning,,['LMS'],[],self_hostable,freemium,"Linux, Windows"
Corteza,k3_diversity,Monday.com CRM,,['CRM'],[],self_hostable,free,"Linux, Web, Windows"
Easy Appointments,k3_diversity,Mindbody,,['Appointment scheduling'],[],self_hostable,free,"Linux, Web, Windows"
Pocket Justice,k3_diversity,Lexis+,,['Legal Research'],[],sandbox_ready,free,"Android, iOS"
TastyIgniter,k3_diversity,DoorDash Order Manager,,['Online Ordering Platforms'],[],self_hostable,free,"Linux, Web, Windows"
KAPE,k3_diversity,Magnet AXIOM,,['Digital forensics tools'],[],sandbox_ready,freemium,Windows
Ghostfol.io,k3_diversity,Refinitiv Eikon,,['Portfolio management software'],[],self_hostable,free,"Linux, Windows, macOS"
FET - Free Timetabling Software,k3_diversity,InTime,,['Scheduling software'],[],sandbox_ready,free,"Linux, Windows, macOS"
Easy Random,k3_diversity,Sentinel,,['Drug Testing'],[],sandbox_ready,free,Windows
OpenBoardView,k3_diversity,ALLDATA Repair,,['Technical Information'],[],sandbox_ready,free,"Linux, Windows, macOS"
AttendHRM,k3_diversity,QuickBooks Time,,['HR Management'],[],sandbox_ready,freemium,"Web, Windows"
Rotki,k3_diversity,Morningstar Direct,,['Portfolio management software'],[],sandbox_ready,freemium,"Linux, Windows, macOS"
Jami,k3_diversity,GoTo Meeting,,"['Communication & Collaboration', 'Communication software']",[],sandbox_ready,free,"Android, Linux, Windows, iOS, macOS"
NINA,k3_diversity,Everbridge Mass Notification,,['Emergency notification systems'],[],sandbox_ready,free,"Android, iOS"
FreeEed,k3_diversity,CaseMap,,"['Litigation support software', 'E-discovery']",[],sandbox_ready,free,"Linux, Windows, macOS"
Focusky,k3_diversity,Prezi,,['Presentation'],[],sandbox_ready,freemium,"Windows, macOS"
Lightning Calendar,k3_diversity,Homebase,,['Scheduling software'],[],sandbox_ready,free,"Linux, Windows, macOS"
Microsoft Expression Web,k3_diversity,Adobe Dreamweaver,,['Web Creation'],[],sandbox_ready,free,Windows
Linear AccessBase 2000,k3_diversity,LenelS2 OnGuard,,['Access control'],[],sandbox_ready,free,Windows
Grocy,k3_diversity,MarketMan,,['Inventory Management'],[],self_hostable,free,"Android, Linux, Windows"
ChronoScan,k3_diversity,Kofax Power PDF,,"['Scanning', 'Scanning and OCR software', 'OCR software']",[],sandbox_ready,freemium,Windows
CMDBuild,k3_diversity,ServiceChannel,,['Facility Management'],[],self_hostable,free,"Linux, Web, Windows"
Session,k3_diversity,Seesaw,,"['Communication & Collaboration', 'Communication software', 'Instant Messaging']",[],sandbox_ready,free,"Android, Linux, Windows, iOS, macOS"
FET,k3_diversity,QGenda,,['Scheduling software'],[],sandbox_ready,free,"Linux, Windows, macOS"
Tickets CAD,k3_diversity,Inform CAD,,['Computer Aided Dispatch'],[],self_hostable,free,"Linux, Web"
TypingMaster,k3_diversity,Quizlet,,['Education'],[],sandbox_ready,freemium,"Windows, macOS"
N1MM Logger+,k3_diversity,Motive Driver,,['Electronic logbooks'],[],sandbox_ready,free,Windows
EssentialPIM,k3_diversity,Mindbody Business,,"['Scheduling software', 'Calendar and scheduling']",[],sandbox_ready,freemium,"Android, Windows, iOS"
wger,k3_diversity,Trainerize,,['Workout Planning'],[],self_hostable,free,"Android, Linux, Web"
Epi Info,k4_exclusive,QDS,6133144522.252183,"['Survey Creation', 'Electronic data capture', 'Statistical Analysis', 'Data Entry', 'Survey Tools']","['Computer and Mathematical', 'Healthcare Practitioners and Technical', 'Life, Physical, and Social Science', 'Community and Social Service', 'Office and Administrative Support']",sandbox_ready,free,"Android, Web, Windows, iOS"
Eramba,k4_exclusive,RSA Archer,3983734084.672955,"['Risk Management', 'GRC', 'Governance, Risk, and Compliance (GRC) Software']",['Business and Financial Operations'],self_hostable,freemium,"Linux, Web"
JFrog Artifactory,k4_exclusive,,2710423198.9949365,['DevOps'],['Computer and Mathematical'],self_hostable,freemium,"Linux, Windows, macOS"
Skelion,k4_exclusive,Solmetric SunEye Software,2277965576.671036,"['Solar Design', 'Solar design and simulation']","['Architecture and Engineering', 'Sales and Related']",sandbox_ready,freemium,"Windows, macOS"
Electrical Calculations,k4_exclusive,,1922590833.1453223,['Electrical load calculation software'],['Construction and Extraction'],sandbox_ready,freemium,"Android, iOS"
GREET,k4_exclusive,USEeio,1660865607.3599749,"['LCA', 'Carbon Accounting', 'Life Cycle Assessment']","['Business and Financial Operations', 'Life, Physical, and Social Science']",sandbox_ready,free,Windows
iTop,k4_exclusive,Cherwell Service Management,1283683787.8696578,['IT Service Management'],['Computer and Mathematical'],self_hostable,freemium,"Linux, Web, Windows"
GeoGebra,k4_exclusive,Desmos,1223125101.1146972,"['Mathematical computing', 'Math & Analysis', 'Education', 'Subject-Specific Software', 'Mathematics']",['Educational Instruction and Library'],sandbox_ready,free,"Android, Linux, Windows, iOS, macOS"
VICIDial,k4_exclusive,Five9 Agent Desktop Toolkit,944786061.9522356,['Telephony'],"['Office and Administrative Support', 'Sales and Related']",self_hostable,free,Linux
VeraCrypt,k4_exclusive,BitLocker,920007565.4758376,"['Information Security', 'Encryption', 'Security']",['Computer and Mathematical'],sandbox_ready,free,"Linux, Windows, macOS"
Lemon POS,k4_exclusive,PAR Brink POS,754967558.1433008,['POS'],['Sales and Related'],sandbox_ready,free,Linux
Copper Point of Sale Software,k4_exclusive,Arryved,639127135.1189736,['POS'],"['Production', 'Sales and Related']",sandbox_ready,freemium,"Windows, macOS"
Green-GO Control,k4_exclusive,Clear-Com Agent-IC,499715728.2892258,['Communication software'],"['Arts, Design, Entertainment, Sports, and Media']",sandbox_ready,free,"Windows, macOS"
Garmin BaseCamp,k4_exclusive,Portatour,481332475.4329133,"['Route planning', 'GPS and Survey Data Tools', 'Navigation']","['Computer and Mathematical', 'Protective Service', 'Transportation and Material Moving', 'Life, Physical, and Social Science']",sandbox_ready,free,"Windows, macOS"
Tracker,k4_exclusive,axiUm,388559996.6615364,"['Applicant Tracking Systems', 'Dental Practice Management']","['Business and Financial Operations', 'Healthcare Support', 'Healthcare Practitioners and Technical']",sandbox_ready,free,"Android, Web, iOS"
KMotionCNC,k4_exclusive,PlanetCNC TNG,359171055.1306834,['Machine control'],['Production'],sandbox_ready,free,Windows
ManageEngine EventLog Analyzer,k4_exclusive,CCH ProSystem fx Engagement,270535735.2462116,"['Security Information Management', 'Auditing', 'SIEM']","['Computer and Mathematical', 'Business and Financial Operations']",self_hostable,freemium,"Linux, Windows"
Kinovea,k4_exclusive,GaitRite Software,257698605.2164067,"['Gait analysis software', 'Video Review', 'Video Analysis']","['Educational Instruction and Library', 'Healthcare Practitioners and Technical', 'Arts, Design, Entertainment, Sports, and Media']",sandbox_ready,free,Windows
Dolibarr ERP & CRM,k4_exclusive,,174983441.99299425,"['CRM', 'ERP', 'Procurement software']",['Sales and Related'],self_hostable,free,"Linux, Web, Windows, macOS"
Vehicle Fleet Manager,k4_exclusive,Simply Auto,168854259.0474459,['Vehicle Maintenance'],['Transportation and Material Moving'],sandbox_ready,freemium,Windows
Jolly Lobby Track,k4_exclusive,EasyLobby SVM,148958877.42063585,['Visitor management systems'],['Office and Administrative Support'],sandbox_ready,freemium,Windows
Slate,k4_exclusive,Common App,130060979.96344444,['College application management'],['Community and Social Service'],sandbox_ready,free,"Android, Web, iOS"
ProppFrexx ONAIR,k4_exclusive,RCS GSelector,123459179.93027994,"['Broadcast Automation', 'Broadcast Scheduling', 'Broadcasting']","['Arts, Design, Entertainment, Sports, and Media']",sandbox_ready,freemium,Windows
Traccar,k4_exclusive,Spytec GPS,11200642.21754254,"['Logistics Management', 'GPS and fleet management', 'Fleet Management']",['Management'],self_hostable,freemium,"Android, Linux, Windows, iOS, macOS"
Windows Voice Access,k4_exclusive,Dragon Legal,8666166.131836262,['Speech Recognition'],['Healthcare Practitioners and Technical'],sandbox_ready,free,Windows
Ekylibre,k4_exclusive,Farm Works Software,6184918.337448938,['Farm management software'],"['Educational Instruction and Library', 'Management']",self_hostable,freemium,"Linux, Web"
Multiecuscan,k4_exclusive,Techstream,3968882.040934551,"['Vehicle Diagnostics', 'Vehicle Control']","['Installation, Maintenance, and Repair']",sandbox_ready,freemium,"Windows, iOS"
Safe Exam Browser,k4_exclusive,NWEA Secure Testing Browser,,['Assessment'],[],sandbox_ready,free,"Windows, iOS, macOS"
Dashcam Viewer,k4_exclusive,Axon Evidence Sync,,['Video review software'],[],sandbox_ready,freemium,"Windows, macOS"
KOrganizer,k4_exclusive,RotaCloud,,"['Scheduling software', 'Calendar', 'Calendar and scheduling']",[],sandbox_ready,free,Linux
Log4OM,k4_exclusive,Omnitracs XRS,,['Electronic logbooks'],[],sandbox_ready,free,Windows
Talon Voice,k4_exclusive,Dragon Medical Practice Edition,,['Speech Recognition'],[],sandbox_ready,free,"Linux, Windows, macOS"
ABRAVIBE,k4_exclusive,AGCO Electronic Diagnostic Tool,,['Industrial Diagnostics'],[],sandbox_ready,free,"Linux, Windows, macOS"
Harvester,k4_exclusive,Relativity Desktop Client,,"['Litigation support software', 'Cloud Platform']",[],self_hostable,free,Linux
Phon,k4_exclusive,Articulation Station,,['Speech Therapy'],[],sandbox_ready,free,"Linux, Windows, macOS"
Odoo Quality,k4_exclusive,Zontec SynergySPC,,['Quality Management'],[],self_hostable,freemium,"Android, Linux, Windows, iOS"
Pupil Player,k4_exclusive,The Observer XT,,"['Usability Testing', 'Eye Tracking']",[],sandbox_ready,free,"Linux, Windows, macOS"
OpenMAINT,k4_exclusive,Interal,,"['CMMS', 'Maintenance Management']",[],self_hostable,freemium,"Linux, Windows"
GNOME Calendar,k4_exclusive,Booksy,,"['Scheduling software', 'Calendar', 'Calendar and scheduling']",[],sandbox_ready,free,Linux
BTCPay Server,k4_exclusive,Authorize.Net Mobile,,['Payment Processing'],[],self_hostable,free,"Linux, Windows, macOS"
OfflineSurveys,k4_exclusive,Qualtrics Offline Surveys,,['Survey Tools'],[],self_hostable,freemium,Android
Eclipse ProR,k4_exclusive,IBM Engineering Requirements Management DOORS,,['Requirements management software'],[],sandbox_ready,free,"Linux, Windows, macOS"
Rainlendar,k4_exclusive,Rotageek,,"['Scheduling software', 'Calendar', 'Calendar and scheduling']",[],sandbox_ready,freemium,"Linux, Windows, macOS"
SimpleHRM,k4_exclusive,Kronos Workforce Central,,"['HR and Payroll', 'HR Management']",[],self_hostable,free,"Linux, Web, Windows"
Screaming Frog SEO Spider,k5_category,,11198894319.529758,"['Digital Marketing', 'SEO']","['Business and Financial Operations', 'Management']",sandbox_ready,freemium,"Linux, Windows, macOS"
Microsoft Remote Desktop,k5_category,,6089204050.24849,['Remote Access'],"['Computer and Mathematical', 'Installation, Maintenance, and Repair', 'Personal Care and Service']",sandbox_ready,free,"Android, Windows, iOS, macOS"
SimpleRisk,k5_category,Enablon,3983734084.672955,"['Risk Management', 'GRC', 'Governance, Risk, and Compliance (GRC) Software']",['Business and Financial Operations'],self_hostable,freemium,"Linux, Web"
Sysinternals Suite,k5_category,,3929873180.038275,"['Operating system administration', 'OS Utilities']",['Computer and Mathematical'],sandbox_ready,free,Windows
WebSite Auditor,k5_category,Rank Tracker,2805017470.2079706,"['Digital Marketing', 'SEO']","['Business and Financial Operations', 'Management']",sandbox_ready,freemium,"Linux, Windows, macOS"
PhET Simulations,k5_category,Human Anatomy Atlas,1669683800.7667992,['Education'],['Educational Instruction and Library'],sandbox_ready,free,"Android, Linux, Windows, iOS, macOS"
SAGA GIS,k5_category,12d Model,1047719017.0916804,"['Remote Sensing', 'Scripting', 'GIS', 'Map creation']","['Computer and Mathematical', 'Architecture and Engineering', 'Educational Instruction and Library', 'Management', 'Life, Physical, and Social Science']",sandbox_ready,free,"Linux, Windows, macOS"
Znuny,k5_category,ServiceNow,962762840.9022433,"['IT Service Management', 'Incident Tracking', 'Issue Tracking']",['Computer and Mathematical'],self_hostable,free,"Linux, Web"
ResScan,k5_category,FreeStyle Libre Software,895529930.9846631,['Medical device interfaces'],['Healthcare Practitioners and Technical'],sandbox_ready,free,Windows
NAPS2,k5_category,ABBYY FineReader PDF,257705997.9450337,"['Scanning', 'OCR software', 'Scanning and OCR software']","['Computer and Mathematical', 'Office and Administrative Support', 'Arts, Design, Entertainment, Sports, and Media']",sandbox_ready,free,"Linux, Windows, macOS"
CWorks,k5_category,Housecall Pro,139106848.20489615,"['CMMS', 'Work Order Management', 'Maintenance Management']","['Production', 'Transportation and Material Moving', 'Installation, Maintenance, and Repair']",sandbox_ready,freemium,"Web, Windows"
NolaPro,k5_category,ADP Mobile Solutions,84922620.83725838,['HR and Payroll'],['Office and Administrative Support'],self_hostable,freemium,"Linux, Windows"
ATAK-CIV,k5_category,Active911,73932720.57890959,['Communication software'],['Management'],sandbox_ready,free,Android
Greenbone Vulnerability Management,k5_category,Nessus,56787397.58194505,"['Security Management', 'Auditing']",['Computer and Mathematical'],self_hostable,freemium,Linux
MARPLOT,k5_category,Resolver,56452108.82749361,['EHS Management'],"['Life, Physical, and Social Science']",sandbox_ready,free,"Windows, macOS"
WinTAK,k5_category,Spok Mobile,49288480.38593973,['Communication software'],['Management'],sandbox_ready,free,Windows
HotelDruid,k5_category,OpenTable for Restaurants,48094839.47135416,['Reservation systems'],"['Office and Administrative Support', 'Management']",self_hostable,free,"Linux, Windows, macOS"
Code_Saturne,k5_category,Ansys Fluent,32506088.140063595,"['CFD', 'Engineering Simulation']",['Architecture and Engineering'],sandbox_ready,free,"Linux, Windows, macOS"
SUMO,k5_category,PTV Vissim,20902753.56347441,"['Transportation modeling', 'Simulation software', 'Urban Simulation']","['Life, Physical, and Social Science']",sandbox_ready,free,"Linux, Windows, macOS"
OpenCBS,k5_category,Temenos Transact,18566008.1479496,"['Loan Origination', 'Core Banking', 'Core Banking Systems', 'Credit Analysis']",['Office and Administrative Support'],self_hostable,freemium,Windows
QloApps,k5_category,Guesty,10586385.583106918,['Reservation systems'],['Management'],self_hostable,free,"Linux, Web, Windows"
dcm4chee,k5_category,GE Centricity,4647827.738222951,"['PACS', 'Radiology Information Systems']",['Healthcare Practitioners and Technical'],self_hostable,free,"Linux, Windows, macOS"
ADempiere,k5_category,IFS Cloud,2626438.6840816634,['ERP'],"['Production', 'Transportation and Material Moving']",self_hostable,free,"Linux, Windows, macOS"
Lansweeper,k5_category,IBM Maximo Application Suite,,['Asset Management'],[],self_hostable,freemium,Windows
WaypointHR,k5_category,Sage HRMS,,"['HR and Payroll', 'HR Management']",[],self_hostable,freemium,"Linux, Windows, macOS"
verinice,k5_category,Diligent HighBond,,"['Governance, Risk, and Compliance (GRC) Software']",[],sandbox_ready,freemium,"Linux, Windows, macOS"
Open Door Logistics Studio,k5_category,CargoWise One,,['Logistics'],[],sandbox_ready,free,"Linux, Windows, macOS"
PriMus,k5_category,Xactimate,,"['Music notation', 'Cost Estimating']",[],sandbox_ready,freemium,Windows
Revolt,k5_category,Monday.com,,['Communication & Collaboration'],[],self_hostable,free,"Android, Linux, Windows, macOS"
Mifos X,k5_category,Encompass,,"['Loan Origination', 'Core Banking', 'Core Banking Systems', 'Credit Analysis']",[],self_hostable,free,"Linux, Windows, macOS"
OpenCAD,k5_category,Sun Ridge Systems RIMS,,['Computer Aided Dispatch'],[],sandbox_ready,free,"Linux, Web"
ProfiCAD,k5_category,PTC Creo,,"['CAD', 'Diagramming']",[],sandbox_ready,freemium,Windows
IDV,k5_category,WRF,,"['Weather', 'Weather Forecasting']",[],sandbox_ready,free,"Linux, Windows, macOS"
Kill Bill,k5_category,PayPal Zettle,,"['Billing & Invoicing', 'Payment Processing']",[],self_hostable,free,"Linux, Windows, macOS"
Socioboard,k5_category,Meta Business Suite,,['Social media management'],[],self_hostable,freemium,"Android, Linux, Web, iOS"
Moneydance,k5_category,Investment Account Manager,,['Portfolio management software'],[],sandbox_ready,freemium,"Android, Linux, Windows, iOS, macOS"
SIPmath Modeler,k5_category,Oracle Crystal Ball,,['Business Simulation'],[],sandbox_ready,free,"Windows, macOS"
OpenLMIS,k5_category,Microsoft Dynamics 365 Supply Chain Management,,"['Supply Chain Management', 'Inventory Management']",[],self_hostable,free,"Linux, Web"
Visual SEO Studio,k5_category,Google Ads Editor,,"['Digital Marketing', 'SEO']",[],sandbox_ready,freemium,"Windows, macOS"
LK8000,k5_category,NAVBLUE Flysmart+,,"['Aviation Navigation', 'Flight Management']",[],sandbox_ready,free,"Android, Linux, Windows"
